{
  "loss_total": 0.056357362993165024,
  "loss_offset": 0.05545515827543568,
  "loss_smooth": 0.009022046491736546,
  "mae_ra": 0.1919806457331611,
  "mae_dec": 0.17443000385537744,
  "mae_total": 0.2855518239343332,
  "frac_01arcsec": 0.1766603900938056,
  "frac_02arcsec": 0.39468467505948485,
  "epoch": 50,
  "lr": 1e-06,
  "temp": 0.3354073464870453,
  "residual_gain": 0.08022525161504745,
  "time_sec": 6.20672345161438,
  "samples": 144
}