{
  "epoch": 10,
  "time_sec": 2.783219337463379,
  "train": {
    "loss_total": 0.010350241939621892,
    "loss_dense": 0.002809585744134066,
    "loss_anchor": 0.0022575123373165047,
    "loss_affine": 3.8796084171818535e-05,
    "loss_residual": 0.0028091140160210093,
    "loss_smooth": 0.008886071059598842,
    "mae_ra": 0.034999901174821636,
    "mae_dec": 0.034814622422510925,
    "mae_total": 0.05469647100703283,
    "p68_total": 0.06229127308523113,
    "anchor_mae_total": 0.05414058725264939,
    "anchor_p68_total": 0.06264455895870924,
    "frac_01arcsec": 0.8961737670681693,
    "frac_02arcsec": 0.9927959848533977,
    "match_count": 102.1590909090909,
    "input_band_count": 1.0,
    "samples": 44,
    "fields": 44,
    "temp": 0.10008343309164047,
    "residual_gain": 1.198590874671936,
    "lr": 1e-06
  },
  "val": {
    "loss_total": 0.018557860981673002,
    "loss_dense": 0.006059297826141119,
    "loss_anchor": 0.0031490279361605644,
    "loss_affine": 9.305079038313124e-05,
    "loss_residual": 0.005926912825088948,
    "loss_smooth": 0.009027167223393917,
    "mae_ra": 0.044970701448619366,
    "mae_dec": 0.04027164168655872,
    "mae_total": 0.06625501532107592,
    "p68_total": 0.07227871008217335,
    "anchor_mae_total": 0.06223206501454115,
    "anchor_p68_total": 0.07126173935830593,
    "frac_01arcsec": 0.8438217341899872,
    "frac_02arcsec": 0.9790518879890442,
    "match_count": 111.5,
    "input_band_count": 1.0,
    "samples": 4,
    "fields": 4,
    "temp": 0.10008343309164047,
    "residual_gain": 1.198590874671936
  },
  "best_score_arcsec": 0.0650897454470396
}