{
  "loss_total": 2.572012523189187,
  "loss_masked": 2.47351163211796,
  "loss_unmasked": 0.0,
  "loss_ssim": 0.47379993626640904,
  "loss_grad": 1.022418293170631,
  "psnr_masked": 16.079918881257374,
  "mask_frac": 0.030226135154306475,
  "context_count_mean": 2.361111111111111,
  "samples": 144,
  "lr_head": 1e-06,
  "epoch_time_sec": 9.092163562774658,
  "mask_counts": {
    "random": 77,
    "object": 59,
    "hard": 8
  },
  "val_loss_masked": 2.437432097271085,
  "val_loss_ssim": 0.48694542422890663,
  "val_loss_grad": 0.7961176540702581,
  "val_psnr_masked": 12.752510666847229,
  "val_mask_frac": 0.03532591986004263,
  "val_context_count_mean": 2.75,
  "val_samples": 16
}