{
  "loss_total": 4.6825020923796625,
  "loss_masked": 4.551327313193017,
  "loss_unmasked": 0.0,
  "loss_ssim": 0.49182511100338566,
  "loss_grad": 1.639844792481098,
  "psnr_masked": 10.720449768834644,
  "mask_frac": 0.03084976713742233,
  "context_count_mean": 5.083333333333333,
  "samples": 144,
  "lr_head": 0.00027997079786577355,
  "epoch_time_sec": 16.700539112091064,
  "mask_counts": {
    "random": 80,
    "object": 59,
    "hard": 5
  },
  "val_loss_masked": 3.4806123273447156,
  "val_loss_ssim": 0.49410106614232063,
  "val_loss_grad": 0.9191943239420652,
  "val_psnr_masked": 8.935924366116524,
  "val_mask_frac": 0.035326079931110144,
  "val_context_count_mean": 5.875,
  "val_samples": 16
}