{
  "loss_total": 3.617986477497551,
  "loss_masked": 3.5119387267364397,
  "loss_unmasked": 0.0,
  "loss_ssim": 0.4832646012720134,
  "loss_grad": 1.1544258780777454,
  "psnr_masked": 13.402747919162115,
  "mask_frac": 0.030226135154306475,
  "context_count_mean": 2.361111111111111,
  "samples": 144,
  "lr_head": 1e-06,
  "epoch_time_sec": 9.090785264968872,
  "mask_counts": {
    "random": 77,
    "object": 59,
    "hard": 8
  },
  "val_loss_masked": 3.2645745500922203,
  "val_loss_ssim": 0.48833645693957806,
  "val_loss_grad": 0.9348019836470485,
  "val_psnr_masked": 10.69042456150055,
  "val_mask_frac": 0.03532591986004263,
  "val_context_count_mean": 2.75,
  "val_samples": 16
}