{
  "config": {
    "ref_catalog": "",
    "cand_catalog": "",
    "max_sep_arcsec": 0.1,
    "clip_sigma": 3.5,
    "auto_from_tiles": true,
    "rubin_tile": "data/rubin_tiles_ecdfs/tile_x00000_y00000.npz",
    "euclid_tile": "data/euclid_tiles_ecdfs/tile_x00000_y00000_euclid.npz",
    "rubin_band": "r",
    "euclid_band": "VIS",
    "detect": {
      "nsigma": 10.0,
      "top": 5000,
      "local_box": 128,
      "border": 10,
      "refine_r": 5
    }
  },
  "before_all_candidates": {
    "n_ref": 237,
    "n_cand": 74,
    "n_matches": 43,
    "max_sep_arcsec": 0.1,
    "sep_median_arcsec": 0.05353666582233963,
    "sep_p95_arcsec": 0.09601511582790048,
    "all_matches": {
      "n": 43,
      "median_dra_mas": -11.771145298000617,
      "median_ddec_mas": -24.638418089750758,
      "median_offset_mas": 27.305887782527773,
      "rms_offset_mas": 59.71150422669432,
      "p68_offset_mas": 70.471199158872,
      "p95_offset_mas": 96.01511777232176,
      "centered_rms_offset_mas": 54.18891099522625,
      "centered_p68_offset_mas": 61.814386614363386
    },
    "clipped_matches": {
      "n": 43,
      "median_dra_mas": -11.771145298000617,
      "median_ddec_mas": -24.638418089750758,
      "median_offset_mas": 27.305887782527773,
      "rms_offset_mas": 59.71150422669432,
      "p68_offset_mas": 70.471199158872,
      "p95_offset_mas": 96.01511777232176,
      "centered_rms_offset_mas": 54.18891099522625,
      "centered_p68_offset_mas": 61.814386614363386
    },
    "clip_sigma": 3.5,
    "n_clipped": 43
  },
  "before_correctable_subset": {
    "n_ref": 237,
    "n_cand": 74,
    "n_matches": 43,
    "max_sep_arcsec": 0.1,
    "sep_median_arcsec": 0.05353666582233963,
    "sep_p95_arcsec": 0.09601511582790048,
    "all_matches": {
      "n": 43,
      "median_dra_mas": -11.771145298000617,
      "median_ddec_mas": -24.638418089750758,
      "median_offset_mas": 27.305887782527773,
      "rms_offset_mas": 59.71150422669432,
      "p68_offset_mas": 70.471199158872,
      "p95_offset_mas": 96.01511777232176,
      "centered_rms_offset_mas": 54.18891099522625,
      "centered_p68_offset_mas": 61.814386614363386
    },
    "clipped_matches": {
      "n": 43,
      "median_dra_mas": -11.771145298000617,
      "median_ddec_mas": -24.638418089750758,
      "median_offset_mas": 27.305887782527773,
      "rms_offset_mas": 59.71150422669432,
      "p68_offset_mas": 70.471199158872,
      "p95_offset_mas": 96.01511777232176,
      "centered_rms_offset_mas": 54.18891099522625,
      "centered_p68_offset_mas": 61.814386614363386
    },
    "clip_sigma": 3.5,
    "n_clipped": 43
  },
  "after_correction": {
    "n_ref": 237,
    "n_cand": 74,
    "n_matches": 39,
    "max_sep_arcsec": 0.1,
    "sep_median_arcsec": 0.05819463098233925,
    "sep_p95_arcsec": 0.08761531368102761,
    "all_matches": {
      "n": 39,
      "median_dra_mas": -3.927713906935924,
      "median_ddec_mas": -19.555067530063752,
      "median_offset_mas": 19.94561612585812,
      "rms_offset_mas": 60.97803096235158,
      "p68_offset_mas": 73.77806486306675,
      "p95_offset_mas": 87.6153146230262,
      "centered_rms_offset_mas": 58.059881502736395,
      "centered_p68_offset_mas": 66.89928235245411
    },
    "clipped_matches": {
      "n": 39,
      "median_dra_mas": -3.927713906935924,
      "median_ddec_mas": -19.555067530063752,
      "median_offset_mas": 19.94561612585812,
      "rms_offset_mas": 60.97803096235158,
      "p68_offset_mas": 73.77806486306675,
      "p95_offset_mas": 87.6153146230262,
      "centered_rms_offset_mas": 58.059881502736395,
      "centered_p68_offset_mas": 66.89928235245411
    },
    "clip_sigma": 3.5,
    "n_clipped": 39
  },
  "correction_sampling": {
    "concordance_fits": "concordance_ecdfs_50ep.fits",
    "dra_ext": "tile_x00000_y00000.r.DRA",
    "dde_ext": "tile_x00000_y00000.r.DDE",
    "n_candidates_total": 74,
    "n_candidates_correctable": 74,
    "sampled_correction_abs_arcsec": {
      "median_arcsec": 0.04073342324989245,
      "p68_arcsec": 0.05348142496293282,
      "p95_arcsec": 0.09304953888964117,
      "max_arcsec": 0.12494525159174369
    },
    "apply_sign": -1.0,
    "xy_space": "vis",
    "xy_origin": 0
  }
}