{
  "config": {
    "ref_catalog": "",
    "cand_catalog": "",
    "max_sep_arcsec": 0.1,
    "clip_sigma": 3.5,
    "auto_from_tiles": true,
    "rubin_tile": "data/rubin_tiles_ecdfs/tile_x00000_y00000.npz",
    "euclid_tile": "data/euclid_tiles_ecdfs/tile_x00000_y00000_euclid.npz",
    "rubin_band": "r",
    "euclid_band": "VIS",
    "detect": {
      "nsigma": 10.0,
      "top": 5000,
      "local_box": 128,
      "border": 10,
      "refine_r": 5
    }
  },
  "before_all_candidates": {
    "n_ref": 237,
    "n_cand": 74,
    "n_matches": 43,
    "max_sep_arcsec": 0.1,
    "sep_median_arcsec": 0.05353666582233963,
    "sep_p95_arcsec": 0.09601511582790048,
    "all_matches": {
      "n": 43,
      "median_dra_mas": -11.771145298000617,
      "median_ddec_mas": -24.638418089750758,
      "median_offset_mas": 27.305887782527773,
      "rms_offset_mas": 59.71150422669432,
      "p68_offset_mas": 70.471199158872,
      "p95_offset_mas": 96.01511777232176,
      "centered_rms_offset_mas": 54.18891099522625,
      "centered_p68_offset_mas": 61.814386614363386
    },
    "clipped_matches": {
      "n": 43,
      "median_dra_mas": -11.771145298000617,
      "median_ddec_mas": -24.638418089750758,
      "median_offset_mas": 27.305887782527773,
      "rms_offset_mas": 59.71150422669432,
      "p68_offset_mas": 70.471199158872,
      "p95_offset_mas": 96.01511777232176,
      "centered_rms_offset_mas": 54.18891099522625,
      "centered_p68_offset_mas": 61.814386614363386
    },
    "clip_sigma": 3.5,
    "n_clipped": 43
  },
  "before_correctable_subset": {
    "n_ref": 237,
    "n_cand": 74,
    "n_matches": 43,
    "max_sep_arcsec": 0.1,
    "sep_median_arcsec": 0.05353666582233963,
    "sep_p95_arcsec": 0.09601511582790048,
    "all_matches": {
      "n": 43,
      "median_dra_mas": -11.771145298000617,
      "median_ddec_mas": -24.638418089750758,
      "median_offset_mas": 27.305887782527773,
      "rms_offset_mas": 59.71150422669432,
      "p68_offset_mas": 70.471199158872,
      "p95_offset_mas": 96.01511777232176,
      "centered_rms_offset_mas": 54.18891099522625,
      "centered_p68_offset_mas": 61.814386614363386
    },
    "clipped_matches": {
      "n": 43,
      "median_dra_mas": -11.771145298000617,
      "median_ddec_mas": -24.638418089750758,
      "median_offset_mas": 27.305887782527773,
      "rms_offset_mas": 59.71150422669432,
      "p68_offset_mas": 70.471199158872,
      "p95_offset_mas": 96.01511777232176,
      "centered_rms_offset_mas": 54.18891099522625,
      "centered_p68_offset_mas": 61.814386614363386
    },
    "clip_sigma": 3.5,
    "n_clipped": 43
  },
  "after_correction": {
    "n_ref": 237,
    "n_cand": 74,
    "n_matches": 37,
    "max_sep_arcsec": 0.1,
    "sep_median_arcsec": 0.05698581667162142,
    "sep_p95_arcsec": 0.09068146137290743,
    "all_matches": {
      "n": 37,
      "median_dra_mas": 24.300055628252544,
      "median_ddec_mas": -21.770286399203087,
      "median_offset_mas": 32.625727171045476,
      "rms_offset_mas": 61.77374761982284,
      "p68_offset_mas": 64.57926543479003,
      "p95_offset_mas": 90.68146331025879,
      "centered_rms_offset_mas": 63.75157215458834,
      "centered_p68_offset_mas": 68.89267485987949
    },
    "clipped_matches": {
      "n": 37,
      "median_dra_mas": 24.300055628252544,
      "median_ddec_mas": -21.770286399203087,
      "median_offset_mas": 32.625727171045476,
      "rms_offset_mas": 61.77374761982284,
      "p68_offset_mas": 64.57926543479003,
      "p95_offset_mas": 90.68146331025879,
      "centered_rms_offset_mas": 63.75157215458834,
      "centered_p68_offset_mas": 68.89267485987949
    },
    "clip_sigma": 3.5,
    "n_clipped": 37
  },
  "correction_sampling": {
    "concordance_fits": "concordance_ecdfs_50ep.fits",
    "dra_ext": "tile_x00000_y00000.r.DRA",
    "dde_ext": "tile_x00000_y00000.r.DDE",
    "n_candidates_total": 74,
    "n_candidates_correctable": 74,
    "sampled_correction_abs_arcsec": {
      "median_arcsec": 0.04073342324989245,
      "p68_arcsec": 0.05348142496293282,
      "p95_arcsec": 0.09304953888964117,
      "max_arcsec": 0.12494525159174369
    },
    "apply_sign": 1.0,
    "xy_space": "vis",
    "xy_origin": 0
  }
}