{
  "n_sources": 4941,
  "grid_shape": [
    32,
    32
  ],
  "dstep_arcsec": 1.0,
  "raw_median_mas": 47.894737243652344,
  "pred_median_mas": 40.22272872924805,
  "ra_ref": 53.17382556869641,
  "dec_ref": -28.121390581525937,
  "field_shape_arcsec": [
    664.3961791992188,
    665.1129455566406
  ]
}