{
  "loss_total": 0.06503446995823954,
  "loss_offset": 0.05483692574327708,
  "loss_smooth": 0.10197543973724048,
  "mae_ra": 0.19041204747433463,
  "mae_dec": 0.17505266844657147,
  "mae_total": 0.2847578289090759,
  "frac_01arcsec": 0.17032708967781218,
  "frac_02arcsec": 0.3886785027641761,
  "epoch": 50,
  "lr": 1e-06,
  "temp": 0.19832000136375427,
  "time_sec": 5.388523817062378,
  "samples": 144
}