{
 "bands": [
  "rubin_u",
  "rubin_g",
  "rubin_r",
  "rubin_i",
  "rubin_z",
  "rubin_y",
  "euclid_VIS",
  "euclid_Y",
  "euclid_J",
  "euclid_H"
 ],
 "n_tiles": 60,
 "M_raw": [
  [
   0.0,
   1.082262149780159e-06,
   3.8013296445202115e-07,
   1.2620097134811933e-07,
   6.697307348537316e-08,
   5.8543850894497896e-09,
   0.03840409716087678,
   5.58104601017085e-07,
   3.1144443009134516e-07,
   3.452997481376507e-07
  ],
  [
   4.266530579158716e-07,
   0.0,
   1.405117630559323e-06,
   3.07889196248513e-07,
   1.1923305698724465e-07,
   4.627177208784527e-09,
   0.036391472777692675,
   3.7764956304648453e-07,
   2.529746572276841e-07,
   2.753219351700452e-07
  ],
  [
   2.0494616441128524e-07,
   3.423517074981485e-06,
   0.0,
   6.345269388967538e-07,
   1.6015671723965522e-07,
   5.6985998749493365e-09,
   0.039940444778899416,
   4.944280273287459e-07,
   4.121896334373701e-07,
   4.122974837301208e-07
  ],
  [
   1.922416066011916e-07,
   2.873074051793459e-06,
   1.9166818107284865e-06,
   0.0,
   2.9438419127116995e-07,
   9.065126199671552e-09,
   0.05284001509682385,
   6.06708430107871e-07,
   3.696729620718106e-07,
   3.869397161754745e-07
  ],
  [
   2.3128733585584873e-07,
   2.738383967521347e-06,
   1.8601724689312336e-06,
   8.552039409340242e-07,
   0.0,
   1.662831106697579e-08,
   0.05700142848910614,
   7.491949501663297e-07,
   4.772781256924102e-07,
   4.872070692304039e-07
  ],
  [
   1.2259973010188694e-06,
   5.620779293789551e-06,
   3.1441445827548222e-06,
   1.0918983085977398e-06,
   7.380525577774802e-07,
   0.0,
   0.19704084299789273,
   2.5251705790940813e-06,
   1.7668463540980241e-06,
   1.5366823877410213e-06
  ],
  [
   1.077572149747919e-09,
   8.278405734772021e-09,
   3.894910653868782e-09,
   1.8031697923631917e-09,
   7.534522331445091e-10,
   2.9248970000744575e-11,
   0.0,
   1.7282270603588347e-07,
   1.0972599883941954e-07,
   8.518052225033397e-08
  ],
  [
   5.2796713706601455e-09,
   4.7418183693576124e-08,
   2.1595655463957763e-08,
   7.029302184867654e-09,
   3.499737663833554e-09,
   1.427236091943233e-10,
   0.02681733090393807,
   0.0,
   3.3669030044535013e-07,
   2.510892467093281e-07
  ],
  [
   6.7687477193059884e-09,
   6.660226233068627e-08,
   3.05524818588726e-08,
   1.0184048579894309e-08,
   4.811927860414478e-09,
   1.9233729367326917e-10,
   0.04057919843458279,
   5.607416625216897e-07,
   0.0,
   4.180620386368412e-07
  ],
  [
   6.968843540300223e-09,
   6.635967946816109e-08,
   2.9312113822888843e-08,
   1.075638564921803e-08,
   4.9893240902549976e-09,
   1.9157555809385117e-10,
   0.047999813866952006,
   7.621145155235513e-07,
   6.328095545671674e-07,
   0.0
  ]
 ],
 "M_rownorm": [
  [
   0.0,
   2.8178792886726602e-05,
   9.897498565284562e-06,
   3.2858869123758464e-06,
   1.7437737863374451e-06,
   1.524302637288539e-07,
   0.9999251106747995,
   1.4531335096939506e-05,
   8.109059429872254e-06,
   8.990548259112831e-06
  ],
  [
   1.1722963370703166e-05,
   0.0,
   3.8607815434488655e-05,
   8.459739600807598e-06,
   3.2761156487809507e-06,
   1.2713896671292468e-07,
   0.9999129139324104,
   1.037651532648561e-05,
   6.950876327672064e-06,
   7.564902914128356e-06
  ],
  [
   5.130555664558683e-06,
   8.570321368157524e-05,
   0.0,
   1.5884541142905923e-05,
   4.009311202341245e-06,
   1.426568970073626e-07,
   0.999856112428382,
   1.2377350528197497e-05,
   1.0318621306132715e-05,
   1.0321321195305982e-05
  ],
  [
   3.637724551417424e-06,
   5.4366233205338904e-05,
   3.626873809167906e-05,
   0.0,
   5.570535010966039e-06,
   1.715363948588543e-07,
   0.9998741875568158,
   1.148054362827846e-05,
   6.995199602724773e-06,
   7.3219326988359054e-06
  ],
  [
   4.057043087622905e-06,
   4.8034371210078194e-05,
   3.262954207560886e-05,
   1.5001250389414746e-05,
   0.0,
   2.9167949997557825e-07,
   0.9998699262137375,
   1.3141732047744682e-05,
   8.372001491343406e-06,
   8.546166460640823e-06
  ],
  [
   6.2214892899781215e-06,
   2.8523405515314644e-05,
   1.5955387366265328e-05,
   5.540985797473227e-06,
   3.745347628283955e-06,
   0.0,
   0.9999104348605597,
   1.2814319982715754e-05,
   8.966101034580144e-06,
   7.798102825743192e-06
  ],
  [
   0.0028093527247618224,
   0.021582742012315623,
   0.0101544735178149,
   0.0047010680171799095,
   0.001964335366924227,
   7.625537982518489e-05,
   0.0,
   0.4505683820950647,
   0.28606811515019964,
   0.22207527573591404
  ],
  [
   1.9687040988617436e-07,
   1.768147410024311e-06,
   8.052670790413935e-07,
   2.6211131435925797e-07,
   1.304995595373288e-07,
   5.321932648813204e-09,
   0.9999749144332309,
   0.0,
   1.2554636983984741e-05,
   9.362712079463277e-06
  ],
  [
   1.6679887354472326e-07,
   1.6412463269391384e-06,
   7.528895697383232e-07,
   2.5096042897360025e-07,
   1.1857793789630259e-07,
   4.739671983022483e-09,
   0.9999729446158468,
   1.3818077070806108e-05,
   0.0,
   1.0302094273294241e-05
  ],
  [
   1.451802256786946e-07,
   1.3824550925042606e-06,
   6.106521512955727e-07,
   2.2408517094835941e-07,
   1.0394137753538411e-07,
   3.9910470937892485e-09,
   0.9999684695804225,
   1.5876946686616467e-05,
   1.3183167825825184e-05,
   0.0
  ]
 ],
 "src_contrib": {
  "rubin_u": 0.00031562570558169023,
  "rubin_g": 0.0024258155419604583,
  "rubin_r": 0.0011433334786831446,
  "rubin_i": 0.0005277752864374631,
  "rubin_z": 0.00022033705211954506,
  "rubin_y": 8.572763833243785e-06,
  "euclid_VIS": 0.9999183349218007,
  "euclid_Y": 0.05007475543504806,
  "euclid_J": 0.031793729423800196,
  "euclid_H": 0.02468283150184673
 }
}