{
 "bands": [
  "rubin_u",
  "rubin_g",
  "rubin_r",
  "rubin_i",
  "rubin_z",
  "rubin_y",
  "euclid_Y",
  "euclid_J",
  "euclid_H"
 ],
 "n_tiles": 60,
 "M_raw": [
  [
   0.0,
   8.688962893405306e-07,
   3.630736764947168e-07,
   1.4111466461954518e-07,
   4.4406899901192233e-08,
   5.100701628065411e-09,
   2.434805129730488e-07,
   3.027113248589674e-07,
   2.4785997094300617e-07
  ],
  [
   3.7633851967248976e-07,
   0.0,
   1.2619073398404318e-06,
   3.055271854039174e-07,
   1.1211045857211102e-07,
   4.662527577415702e-09,
   1.8669492655915068e-07,
   2.7123591524759307e-07,
   1.8638794229061387e-07
  ],
  [
   2.3483505748747749e-07,
   2.917940836117619e-06,
   0.0,
   6.260394477839545e-07,
   1.441739289272726e-07,
   6.740521600348226e-09,
   3.3489722678200015e-07,
   4.228314362032166e-07,
   3.78361064610118e-07
  ],
  [
   2.971135464881349e-07,
   3.1214200168490998e-06,
   1.7104541359061331e-06,
   0.0,
   2.89664796853173e-07,
   8.873142757275855e-09,
   3.8388055009896135e-07,
   4.947600592358629e-07,
   3.837393874802071e-07
  ],
  [
   2.8391362818688785e-07,
   2.5357610290971194e-06,
   1.420852050545606e-06,
   8.213346422633303e-07,
   0.0,
   1.641445742228048e-08,
   3.709355134432153e-07,
   4.6206710393965503e-07,
   3.5514713257493e-07
  ],
  [
   1.224457761559911e-06,
   4.133279631647965e-06,
   2.4380450530889766e-06,
   7.932103597124449e-07,
   5.79975336104513e-07,
   0.0,
   1.1432576001153575e-06,
   1.5428937400294285e-06,
   1.1767170588336898e-06
  ],
  [
   5.602228713217558e-09,
   6.643902113850629e-08,
   2.8221514589671992e-08,
   9.466115250906555e-09,
   3.8768810517642305e-09,
   2.2481953255542797e-10,
   0.0,
   3.2806377552977413e-07,
   2.69451706792142e-07
  ],
  [
   8.306771498724725e-09,
   8.670559969437412e-08,
   3.622156652515462e-08,
   1.2711041789457288e-08,
   5.405912157611946e-09,
   3.133833043693369e-10,
   8.507957125692953e-07,
   0.0,
   7.075177866555351e-07
  ],
  [
   1.1736595147424486e-08,
   1.1043947848814269e-07,
   4.230888693032081e-08,
   1.6953513877026223e-08,
   7.76493327531514e-09,
   4.1503544193796604e-10,
   1.057938513209474e-06,
   1.1297344803913473e-06,
   0.0
  ]
 ],
 "M_rownorm": [
  [
   0.0,
   0.3919872895076937,
   0.16379430789004132,
   0.06366140075933056,
   0.02003339240971926,
   0.002301091891289282,
   0.10984195409636939,
   0.13656289385791787,
   0.11181766958763864
  ],
  [
   0.13913394767927073,
   0.0,
   0.46653249832156574,
   0.11295469691908581,
   0.04144771226406931,
   0.0017237562303584046,
   0.06902190657090203,
   0.10027706883058235,
   0.06890841318416573
  ],
  [
   0.04635677536141266,
   0.5760056837553317,
   0.0,
   0.12358108009427492,
   0.028460139247353404,
   0.0013305885798705962,
   0.06610919032785854,
   0.08346752871368546,
   0.07468901392021281
  ],
  [
   0.04441221785012965,
   0.4665865539577263,
   0.2556768703562026,
   0.0,
   0.04329878665384384,
   0.0013263479696883245,
   0.05738205753638878,
   0.073956208978185,
   0.0573609566978356
  ],
  [
   0.04530710938523904,
   0.40465828658462205,
   0.22674043400247038,
   0.13106908152508853,
   0.0,
   0.002619429094263383,
   0.059194114737524686,
   0.07373694935043423,
   0.0566745953203576
  ],
  [
   0.09395895641408043,
   0.31716785417119164,
   0.18708376562284806,
   0.060867120087892114,
   0.04450449744943634,
   0.0,
   0.08772804942038762,
   0.11839419065488892,
   0.09029556617927476
  ],
  [
   0.007875532048005843,
   0.09339901439224305,
   0.03967339678043505,
   0.01330732782343232,
   0.005450063275253164,
   0.00031604804521468083,
   0.0,
   0.4611873078081874,
   0.3787913098272286
  ],
  [
   0.0048635126429804835,
   0.050765063225289474,
   0.021207282127682612,
   0.00744215878069712,
   0.00316509514309187,
   0.00018348207400832695,
   0.4981304355500341,
   0.0,
   0.414242970456216
  ],
  [
   0.004936961016195541,
   0.04645601156861704,
   0.017797097266276204,
   0.007131441107668753,
   0.0032662942183877565,
   0.00017458332433294062,
   0.44501843436196187,
   0.47521917713656,
   0.0
  ]
 ]
}