{
 "bands": [
  "rubin_u",
  "rubin_g",
  "rubin_r",
  "rubin_i",
  "rubin_z",
  "rubin_y",
  "euclid_Y",
  "euclid_J",
  "euclid_H"
 ],
 "n_tiles": 60,
 "M_raw": [
  [
   0.0,
   1.0938177739423815e-06,
   3.8482892479053124e-07,
   1.2821737750478559e-07,
   6.813681694146838e-08,
   5.910064018139409e-09,
   9.006634818446485e-07,
   4.812447064664325e-07,
   5.093481774463364e-07
  ],
  [
   4.2973981848521886e-07,
   0.0,
   1.4122047508821248e-06,
   3.0941190778982196e-07,
   1.2008509079652995e-07,
   4.672310153155006e-09,
   6.108693423154611e-07,
   3.8751418699341787e-07,
   4.1953433431883193e-07
  ],
  [
   2.073425883920889e-07,
   3.437316941123634e-06,
   0.0,
   6.356612427476689e-07,
   1.6124811534948363e-07,
   5.7538048437401614e-09,
   7.811857920897576e-07,
   6.368571675721375e-07,
   6.439888771209201e-07
  ],
  [
   1.9808698558130335e-07,
   2.9170613817006855e-06,
   1.9322634208101205e-06,
   0.0,
   3.062767787862853e-07,
   9.204888965512714e-09,
   9.701521032491378e-07,
   5.645490163952435e-07,
   5.92887315500534e-07
  ],
  [
   2.309811046171045e-07,
   2.750001435630519e-06,
   1.8660574065737065e-06,
   8.570380886490598e-07,
   0.0,
   1.6749308344826026e-08,
   1.065977572815847e-06,
   6.782873994652183e-07,
   6.68755842540439e-07
  ],
  [
   1.2295858148169623e-06,
   5.63956858750686e-06,
   3.150918015150039e-06,
   1.090357490727213e-06,
   7.38437869622346e-07,
   0.0,
   3.888482723869857e-06,
   2.6497401559260314e-06,
   2.330308953795078e-06
  ],
  [
   5.767078212935797e-09,
   5.021649254460992e-08,
   2.2545009549494725e-08,
   7.169285428290235e-09,
   3.6197545330337496e-09,
   1.5164509277481933e-10,
   0.0,
   5.317821307121523e-07,
   4.058007073806747e-07
  ],
  [
   1.5904799425415943e-08,
   1.0247015109121823e-07,
   4.650588748312947e-08,
   1.855942660747559e-08,
   9.13250895519209e-09,
   3.8829683182575464e-10,
   2.6965613860321212e-06,
   0.0,
   9.964886696972697e-07
  ],
  [
   2.3952339380989994e-08,
   1.4619920565066398e-07,
   6.870148452600967e-08,
   3.122862471350717e-08,
   1.4552628675002614e-08,
   5.996625695444799e-10,
   3.697638489624768e-06,
   2.5046260323596533e-06,
   0.0
  ]
 ],
 "M_rownorm": [
  [
   0.0,
   0.306205637936811,
   0.10772981498308411,
   0.03589344112770462,
   0.01907436320343161,
   0.0016544756960743068,
   0.25213362096926173,
   0.13472065078641673,
   0.14258799529721589
  ],
  [
   0.11633354787672484,
   0.0,
   0.3822936156523152,
   0.08375994832262464,
   0.032507866524217534,
   0.0012648267475257498,
   0.1653665655911832,
   0.10490277671827951,
   0.11357085256712936
  ],
  [
   0.03185301821566559,
   0.52805803181921,
   0.0,
   0.09765349849855869,
   0.024771751888020804,
   0.0008839286319241934,
   0.12000971656724824,
   0.09783722252512639,
   0.09893283185424613
  ],
  [
   0.02644515913183174,
   0.3894357431408999,
   0.2579624981317512,
   0.0,
   0.04088879503930735,
   0.001228878074798679,
   0.1295179826035288,
   0.07536885137849482,
   0.07915209249938747
  ],
  [
   0.0283975186298312,
   0.33809352990078867,
   0.2294187659001577,
   0.10536686595741716,
   0.0,
   0.0020592108456120115,
   0.13105452081545998,
   0.08339071325606146,
   0.08221887469467173
  ],
  [
   0.059350393286786526,
   0.27221411438140636,
   0.15209042033508974,
   0.052630036161800606,
   0.035643366613225855,
   0.0,
   0.18769164068870264,
   0.12789926369263735,
   0.11248076484035087
  ],
  [
   0.005615175893745964,
   0.04889381208191128,
   0.021951183852967224,
   0.006980449583988971,
   0.003524411780921874,
   0.00014765082731911885,
   0.0,
   0.5177752218449037,
   0.395112094134242
  ],
  [
   0.004092834248079266,
   0.026368980367133865,
   0.011967512694571145,
   0.004775958175392278,
   0.002350098509445571,
   9.992169842629512e-05,
   0.693914993681961,
   0.0,
   0.2564297006249906
  ],
  [
   0.003692076306604458,
   0.022535528352425133,
   0.010589826705960327,
   0.004813661979259112,
   0.002243180287117702,
   9.243355856630374e-05,
   0.5699636783189249,
   0.386069614491142,
   0.0
  ]
 ]
}