{
 "bands": [
  "rubin_u",
  "rubin_g",
  "rubin_r",
  "rubin_i",
  "rubin_z",
  "rubin_y",
  "euclid_Y",
  "euclid_J",
  "euclid_H"
 ],
 "n_tiles": 60,
 "M_raw": [
  [
   0.0,
   8.688642953108342e-07,
   3.6308255952426814e-07,
   1.411100616204883e-07,
   4.4406166285484984e-08,
   5.1006452883700605e-09,
   2.43485682481538e-07,
   3.0272858340025166e-07,
   2.4786139477628703e-07
  ],
  [
   3.763311527718305e-07,
   0.0,
   1.2619145423584294e-06,
   3.0552451486068623e-07,
   1.1211110783991609e-07,
   4.662393663133684e-09,
   1.8669383922987833e-07,
   2.7122774857855935e-07,
   1.8638966485705432e-07
  ],
  [
   2.3483089479118736e-07,
   2.917943938905326e-06,
   0.0,
   6.26043529674329e-07,
   1.4417531122852342e-07,
   6.740435358993804e-09,
   3.349814468042833e-07,
   4.229045743363164e-07,
   3.7840615912102354e-07
  ],
  [
   2.9711122917926494e-07,
   3.1213994657584544e-06,
   1.7104491904012917e-06,
   0.0,
   2.896676887458788e-07,
   8.873115678883161e-09,
   3.839063900670038e-07,
   4.947484385528021e-07,
   3.837350348304044e-07
  ],
  [
   2.839134618200178e-07,
   2.5357483084804545e-06,
   1.4208574263560697e-06,
   8.2134621666929e-07,
   0.0,
   1.6414173911406604e-08,
   3.7093494010393097e-07,
   4.620705946841105e-07,
   3.5515104181147436e-07
  ],
  [
   1.2244722463256526e-06,
   4.133286792803152e-06,
   2.4379964640671634e-06,
   7.932017334953857e-07,
   5.799265920597252e-07,
   0.0,
   1.1432918875229154e-06,
   1.5429357446892436e-06,
   1.176746717395132e-06
  ],
  [
   5.602226757065529e-09,
   6.64389465970633e-08,
   2.8220994258881495e-08,
   9.466131249200301e-09,
   3.877067714283136e-09,
   2.2481802181973332e-10,
   0.0,
   3.2806696992390787e-07,
   2.694518417863567e-07
  ],
  [
   8.306789134157347e-09,
   8.670618122535341e-08,
   3.622175728212864e-08,
   1.2710946757376293e-08,
   5.405847820289309e-09,
   3.133915270192168e-10,
   8.508007037899231e-07,
   0.0,
   7.075157579139841e-07
  ],
  [
   1.1736609417491712e-08,
   1.1043957289232251e-07,
   4.230907009771159e-08,
   1.695358856576307e-08,
   7.764942280813157e-09,
   4.1502962079323785e-10,
   1.057941296052982e-06,
   1.1297376116914914e-06,
   0.0
  ]
 ],
 "M_rownorm": [
  [
   0.0,
   0.39197367859879584,
   0.16379865907699592,
   0.06365945779933105,
   0.020033103495367365,
   0.002301071303885006,
   0.10984451675998884,
   0.13657096636701832,
   0.11181854659861763
  ],
  [
   0.13913173081676575,
   0.0,
   0.4665368602307145,
   0.11295412098209322,
   0.04144810325338598,
   0.001723712999370554,
   0.06902175595499699,
   0.10027441477359995,
   0.06890930098907296
  ],
  [
   0.04635406161324722,
   0.5759827864570003,
   0.0,
   0.12357684184997472,
   0.028459250499124997,
   0.0013305172482042354,
   0.06612311654421701,
   0.08347855895511994,
   0.0746948668331115
  ],
  [
   0.04441197158846278,
   0.46658453392168875,
   0.2556767075329134,
   0.0,
   0.04329931654961314,
   0.001326346912300427,
   0.05738604944479488,
   0.07395463866222941,
   0.05736043538799734
  ],
  [
   0.04530700615103465,
   0.4046555717130118,
   0.22674090810271982,
   0.1310707067294856,
   0.0,
   0.0026193794179428273,
   0.05919392305383646,
   0.07373738159987865,
   0.056675123232090154
  ],
  [
   0.09395991189952467,
   0.31716787707735966,
   0.18707972652095567,
   0.06086635709500222,
   0.04450068318137412,
   0.0,
   0.08773053480750329,
   0.11839721730946645,
   0.09029769210881386
  ],
  [
   0.007875496818210627,
   0.09339852441183816,
   0.039672501690913235,
   0.013307295432091904,
   0.005450303204759555,
   0.00031604461802348403,
   0.0,
   0.46118989641702507,
   0.378789937407138
  ],
  [
   0.004863512713636962,
   0.05076529666636282,
   0.02120734909804296,
   0.007442087449007242,
   0.0031650508008989873,
   0.00018348650138916498,
   0.49813230754091115,
   0.0,
   0.41424090922975076
  ],
  [
   0.004936953969077931,
   0.04645592848318096,
   0.017797127272173804,
   0.007131453674782504,
   0.0032662893727884107,
   0.00017458041422136565,
   0.44501842864567737,
   0.4752192381680976,
   0.0
  ]
 ]
}