{
 "v7": {
  "C": 256,
  "N": 15000,
  "d_pr_cov": 4.913285614053992,
  "d_h_cov": 10.280546188354492,
  "d_pr_corr": 7.892443193004128,
  "d_h_corr": 15.444841384887695,
  "top5_var_frac": 0.7648675441741943,
  "top10_var_frac": 0.8829928636550903
 },
 "v10": {
  "C": 256,
  "N": 15000,
  "d_pr_cov": 5.158158000366479,
  "d_h_cov": 11.687031745910645,
  "d_pr_corr": 8.150636457915587,
  "d_h_corr": 18.544321060180664,
  "top5_var_frac": 0.7403622269630432,
  "top10_var_frac": 0.8499626517295837
 }
}