{
 "checkpoint": "/home/shemmati/Work/Projects/JAISP/models/checkpoints/jaisp_v7_concat/checkpoint_best.pt",
 "tag": "v7",
 "fused_scale": 0.8,
 "n_tiles": 60,
 "n_sources": 951,
 "feat_dim": 256,
 "kfold": 6,
 "diag2b_source_ridge_r2": {
  "rubin_u": 0.3094044228394826,
  "rubin_g": 0.6211228569348654,
  "rubin_r": 0.6948006053765615,
  "rubin_i": 0.627205491065979,
  "rubin_z": 0.6194392343362173,
  "rubin_y": 0.4505840539932251,
  "euclid_VIS": 0.526640385389328,
  "euclid_Y": 0.6034649908542633,
  "euclid_J": 0.50572270154953,
  "euclid_H": 0.4114801585674286
 },
 "diag2b_source_mlp_r2": {
  "rubin_u": 0.30728918810685474,
  "rubin_g": 0.6301468163728714,
  "rubin_r": 0.7256804754336675,
  "rubin_i": 0.6519039397438368,
  "rubin_z": 0.6221768707036972,
  "rubin_y": 0.4307623704274495,
  "euclid_VIS": 0.5662065247694651,
  "euclid_Y": 0.671629843612512,
  "euclid_J": 0.5930878818035126,
  "euclid_H": 0.5545049011707306
 },
 "diag2b_source_ridge_sd": {
  "rubin_u": 0.09461705024421482,
  "rubin_g": 0.06486783089609428,
  "rubin_r": 0.05840002273823033,
  "rubin_i": 0.0686988940822634,
  "rubin_z": 0.06478849872428495,
  "rubin_y": 0.14102177297301538,
  "euclid_VIS": 0.060718867257156896,
  "euclid_Y": 0.057004174541906295,
  "euclid_J": 0.16938157431756604,
  "euclid_H": 0.24914272597878973
 },
 "diag2b_source_mlp_sd": {
  "rubin_u": 0.14019946099363778,
  "rubin_g": 0.07722916837352387,
  "rubin_r": 0.06474461992779053,
  "rubin_i": 0.0856889394595664,
  "rubin_z": 0.07377101257010403,
  "rubin_y": 0.12867097028473423,
  "euclid_VIS": 0.05866816325512673,
  "euclid_Y": 0.05968235657109913,
  "euclid_J": 0.16852084222093072,
  "euclid_H": 0.1532949790453832
 },
 "diag2b_mlp_rubin_mean": 0.5613266101313962,
 "diag2b_mlp_euclid_mean": 0.5963572878390551,
 "diag2b_ridge_rubin_mean": 0.5537594440910552,
 "diag2b_ridge_euclid_mean": 0.5118270590901375
}