{
  "checkpoint": "/home/shemmati/Work/Projects/JAISP/models/checkpoints/jaisp_v9/checkpoint_best.pt",
  "n_tiles": 6,
  "diag1_mean_cross_over_within": 6240.684122049745,
  "diag1_per_target_within_frac": {
    "rubin_u": 6.815949297524134e-05,
    "rubin_g": 9.168184722728718e-05,
    "rubin_r": 0.00012708239594745295,
    "rubin_i": 0.00010067008378410239,
    "rubin_z": 0.00011065800309483976,
    "rubin_y": 0.0001000516514788293,
    "euclid_VIS": 0.9539429669882007,
    "euclid_Y": 0.9999971313680222,
    "euclid_J": 0.9999972910937085,
    "euclid_H": 0.99999740231729
  },
  "diag1_per_target_cross_frac": {
    "rubin_u": 0.9999318405070248,
    "rubin_g": 0.9999083181527727,
    "rubin_r": 0.9998729176040525,
    "rubin_i": 0.9998993299162161,
    "rubin_z": 0.9998893419969052,
    "rubin_y": 0.9998999483485213,
    "euclid_VIS": 0.04605703301179932,
    "euclid_Y": 2.868631977909501e-06,
    "euclid_J": 2.708906291665674e-06,
    "euclid_H": 2.5976827101855357e-06
  },
  "diag2_random_ridge_r2": {
    "rubin_u": -0.034017354249954224,
    "rubin_g": 0.0740269124507904,
    "rubin_r": 0.08589596549669902,
    "rubin_i": 0.0776171088218689,
    "rubin_z": 0.09357190132141113,
    "rubin_y": -0.07074490189552307,
    "euclid_VIS": 0.07165009776751201,
    "euclid_Y": -0.01478909452756246,
    "euclid_J": 0.010629385709762573,
    "euclid_H": -0.0036420325438181558
  },
  "diag2b_source_ridge_r2": {
    "rubin_u": -0.3170942465464274,
    "rubin_g": 0.25427260994911194,
    "rubin_r": 0.2534280518690745,
    "rubin_i": 0.2869921922683716,
    "rubin_z": 0.11590728163719177,
    "rubin_y": 0.3403939704100291,
    "euclid_VIS": 0.205488254626592,
    "euclid_Y": -0.0421372652053833,
    "euclid_J": 0.2242299715677897,
    "euclid_H": 0.14807730913162231
  },
  "diag2b_source_mlp_r2": {
    "rubin_u": 0.13688493768374124,
    "rubin_g": 0.4444458285967509,
    "rubin_r": 0.3946116467316945,
    "rubin_i": 0.4282805422941844,
    "rubin_z": 0.39241137603918713,
    "rubin_y": 0.3792579819758733,
    "euclid_VIS": 0.3301991621653239,
    "euclid_Y": 0.26229487856229144,
    "euclid_J": 0.2822807828585307,
    "euclid_H": 0.26522666215896606
  },
  "diag2b_mlp_rubin_mean": 0.36264871888690525,
  "diag2b_mlp_euclid_mean": 0.28500037143627804,
  "diag2b_mlp_euclid_over_rubin": 0.7858855046035819
}