{
  "checkpoint": "/home/shemmati/Work/Projects/JAISP/models/checkpoints/jaisp_v10_warmstart/checkpoint_best.pt",
  "n_tiles": 6,
  "diag1_mean_cross_over_within": 8406.765275847265,
  "diag1_per_target_within_frac": {
    "rubin_u": 7.275889830703379e-05,
    "rubin_g": 6.613786347220172e-05,
    "rubin_r": 9.059065925118866e-05,
    "rubin_i": 6.732060393128307e-05,
    "rubin_z": 8.517392284655218e-05,
    "rubin_y": 5.689571998512513e-05,
    "euclid_VIS": 0.9604944196238605,
    "euclid_Y": 0.9999976303282835,
    "euclid_J": 0.9999976851840909,
    "euclid_H": 0.9999978478014628
  },
  "diag1_per_target_cross_frac": {
    "rubin_u": 0.9999272411016932,
    "rubin_g": 0.9999338621365278,
    "rubin_r": 0.9999094093407488,
    "rubin_i": 0.9999326793960687,
    "rubin_z": 0.9999148260771534,
    "rubin_y": 0.9999431042800149,
    "euclid_VIS": 0.03950558037613962,
    "euclid_Y": 2.3696717166841598e-06,
    "euclid_J": 2.3148159089518363e-06,
    "euclid_H": 2.1521985369403303e-06
  },
  "diag2_random_ridge_r2": {
    "rubin_u": 0.020571529865264893,
    "rubin_g": 0.10078502694765727,
    "rubin_r": 0.045019576946894325,
    "rubin_i": 0.15409639477729797,
    "rubin_z": 0.23465439677238464,
    "rubin_y": 0.025755008061726887,
    "euclid_VIS": 0.06741838653882344,
    "euclid_Y": 0.05657815933227539,
    "euclid_J": -0.014634817838668823,
    "euclid_H": 0.10285444060961406
  },
  "diag2b_source_ridge_r2": {
    "rubin_u": -0.422276904185613,
    "rubin_g": 0.25927908221880597,
    "rubin_r": 0.3060164749622345,
    "rubin_i": 0.3643839359283447,
    "rubin_z": 0.08807771404584248,
    "rubin_y": 0.09327425559361775,
    "euclid_VIS": 0.09738791982332866,
    "euclid_Y": -0.10438685615857442,
    "euclid_J": 0.04546286662419637,
    "euclid_H": -0.008929620186487833
  },
  "diag2b_source_mlp_r2": {
    "rubin_u": 0.1390127936999003,
    "rubin_g": 0.47601138055324554,
    "rubin_r": 0.427254115541776,
    "rubin_i": 0.4696333756049474,
    "rubin_z": 0.42315225799878436,
    "rubin_y": 0.4004566917816798,
    "euclid_VIS": 0.33414597312609357,
    "euclid_Y": 0.27015624443689984,
    "euclid_J": 0.2917839586734772,
    "euclid_H": 0.2913477420806885
  },
  "diag2b_mlp_rubin_mean": 0.38925343586338884,
  "diag2b_mlp_euclid_mean": 0.2968584795792898,
  "diag2b_mlp_euclid_over_rubin": 0.7626354766036653
}