{
  "checkpoint": "/home/shemmati/Work/Projects/JAISP/models/checkpoints/jaisp_v10_warmstart/checkpoint_best.pt",
  "n_tiles": 6,
  "diag1_mean_cross_over_within": 5997.889904832709,
  "diag1_per_target_within_frac": {
    "rubin_u": 0.00013357191306974112,
    "rubin_g": 7.649288506999592e-05,
    "rubin_r": 0.00012724432587343806,
    "rubin_i": 0.00010132453676416696,
    "rubin_z": 0.0001024501285112274,
    "rubin_y": 8.377951285127718e-05,
    "euclid_VIS": 0.934177601202686,
    "euclid_Y": 0.9999964951569564,
    "euclid_J": 0.9999964725780618,
    "euclid_H": 0.999997121277851
  },
  "diag1_per_target_cross_frac": {
    "rubin_u": 0.9998664280869303,
    "rubin_g": 0.99992350711493,
    "rubin_r": 0.9998727556741266,
    "rubin_i": 0.999898675463236,
    "rubin_z": 0.9998975498714888,
    "rubin_y": 0.9999162204871488,
    "euclid_VIS": 0.06582239879731389,
    "euclid_Y": 3.5048430435385946e-06,
    "euclid_J": 3.5274219383212174e-06,
    "euclid_H": 2.878722148848121e-06
  },
  "diag2_random_ridge_r2": {
    "rubin_u": 0.3154395918051402,
    "rubin_g": 0.10227457682291667,
    "rubin_r": 0.4877227346102397,
    "rubin_i": 0.47177836298942566,
    "rubin_z": 0.41871412595113117,
    "rubin_y": -0.05334851145744324,
    "euclid_VIS": 0.2443340520064036,
    "euclid_Y": 0.20366862416267395,
    "euclid_J": -0.1653512418270111,
    "euclid_H": 0.035959978898366295
  },
  "diag2_random_ridge_rubin_mean": 0.29043014678690166,
  "diag2_random_ridge_euclid_mean": 0.07965285331010817,
  "diag2b_source_ridge_r2": {
    "rubin_u": -0.007414638996124268,
    "rubin_g": -0.042888641357421875,
    "rubin_r": -0.2747462789217631,
    "rubin_i": 0.21082377433776855,
    "rubin_z": 0.12579639752705893,
    "rubin_y": 0.19429086645444235,
    "euclid_VIS": 0.5988385180632273,
    "euclid_Y": 0.6834307312965393,
    "euclid_J": 0.8435066441694895,
    "euclid_H": 0.8403765062491099
  },
  "diag2b_source_mlp_r2": {
    "rubin_u": 0.19744940598805746,
    "rubin_g": 0.4597400724887848,
    "rubin_r": 0.4222206771373749,
    "rubin_i": 0.5129603991905848,
    "rubin_z": 0.49089212715625763,
    "rubin_y": 0.39025813341140747,
    "euclid_VIS": 0.6756775602698326,
    "euclid_Y": 0.8285734296465913,
    "euclid_J": 0.8867229279130697,
    "euclid_H": 0.8744076440731684
  },
  "diag2b_mlp_rubin_mean": 0.4122534692287445,
  "diag2b_mlp_euclid_mean": 0.8163453904756655,
  "diag2b_mlp_euclid_over_rubin": 1.9802025972101764
}