{
 "checkpoint": "/home/shemmati/Work/Projects/JAISP/models/checkpoints/jaisp_v10_warmstart/checkpoint_best.pt",
 "tag": "v10",
 "fused_scale": 0.4,
 "n_tiles": 60,
 "n_sources": 1077,
 "feat_dim": 256,
 "kfold": 6,
 "diag2b_source_ridge_r2": {
  "rubin_u": 0.339101105928421,
  "rubin_g": 0.6286643842856089,
  "rubin_r": 0.6669384042421976,
  "rubin_i": 0.681896984577179,
  "rubin_z": 0.7026605010032654,
  "rubin_y": 0.4601116677125295,
  "euclid_VIS": 0.7170418898264567,
  "euclid_Y": 0.7828827699025472,
  "euclid_J": 0.20288189252217612,
  "euclid_H": 0.24672635396321616
 },
 "diag2b_source_mlp_r2": {
  "rubin_u": 0.3176507850488027,
  "rubin_g": 0.6691594099005064,
  "rubin_r": 0.7035068372885386,
  "rubin_i": 0.6716775869329771,
  "rubin_z": 0.7401430159807205,
  "rubin_y": 0.46104148030281067,
  "euclid_VIS": 0.7797992527484894,
  "euclid_Y": 0.861037103459239,
  "euclid_J": 0.6717901527881622,
  "euclid_H": 0.6643050530304512
 },
 "diag2b_source_ridge_sd": {
  "rubin_u": 0.0471174390345397,
  "rubin_g": 0.08193440486100376,
  "rubin_r": 0.07394044319648259,
  "rubin_i": 0.04575143208720784,
  "rubin_z": 0.020311033461258194,
  "rubin_y": 0.09106039699534685,
  "euclid_VIS": 0.13199153067430627,
  "euclid_Y": 0.18485835442634432,
  "euclid_J": 0.8119574734266085,
  "euclid_H": 0.7251718329587433
 },
 "diag2b_source_mlp_sd": {
  "rubin_u": 0.09265421795437749,
  "rubin_g": 0.05437145282676472,
  "rubin_r": 0.033977472785892866,
  "rubin_i": 0.06148266843414066,
  "rubin_z": 0.035797138257964885,
  "rubin_y": 0.11461783669123495,
  "euclid_VIS": 0.05853124609586325,
  "euclid_Y": 0.15022597062510026,
  "euclid_J": 0.32475150095034777,
  "euclid_H": 0.3147846310708046
 },
 "diag2b_mlp_rubin_mean": 0.5938631859090594,
 "diag2b_mlp_euclid_mean": 0.7442328905065855,
 "diag2b_ridge_rubin_mean": 0.5798955079582002,
 "diag2b_ridge_euclid_mean": 0.487383226553599
}