{
  "checkpoint": "/home/shemmati/Work/Projects/JAISP/models/checkpoints/jaisp_v8_fine/checkpoint_best.pt",
  "n_tiles": 6,
  "diag1_mean_cross_over_within": 2068.3919670085916,
  "diag1_per_target_within_frac": {
    "rubin_u": 0.00027374301382450785,
    "rubin_g": 0.0002872399034186369,
    "rubin_r": 0.0005358431686501939,
    "rubin_i": 0.00038126337830989785,
    "rubin_z": 0.00027855489691662824,
    "rubin_y": 0.00018260428921851947,
    "euclid_VIS": 0.9155636864185199,
    "euclid_Y": 0.9999960723820401,
    "euclid_J": 0.9999964165125829,
    "euclid_H": 0.9999965665602657
  },
  "diag1_per_target_cross_frac": {
    "rubin_u": 0.9997262569861756,
    "rubin_g": 0.9997127600965814,
    "rubin_r": 0.9994641568313499,
    "rubin_i": 0.9996187366216899,
    "rubin_z": 0.9997214451030833,
    "rubin_y": 0.9998173957107814,
    "euclid_VIS": 0.08443631358148006,
    "euclid_Y": 3.927617959869279e-06,
    "euclid_J": 3.583487417186992e-06,
    "euclid_H": 3.433439734300839e-06
  },
  "diag2_random_ridge_r2": {
    "rubin_u": 0.440828671058019,
    "rubin_g": 0.6234208941459656,
    "rubin_r": 0.6466552515824636,
    "rubin_i": 0.5856990019480387,
    "rubin_z": 0.5955298542976379,
    "rubin_y": 0.33138622840245563,
    "euclid_VIS": 0.3051852285861969,
    "euclid_Y": 0.37155182162920636,
    "euclid_J": 0.43884992599487305,
    "euclid_H": 0.41993964711825055
  },
  "diag2_random_ridge_rubin_mean": 0.5372533169057634,
  "diag2_random_ridge_euclid_mean": 0.38388165583213174,
  "diag2b_source_ridge_r2": {
    "rubin_u": 0.11811371644337972,
    "rubin_g": 0.4396673043568929,
    "rubin_r": 0.3933483064174652,
    "rubin_i": 0.5120741824309031,
    "rubin_z": 0.33692023158073425,
    "rubin_y": 0.2334797978401184,
    "euclid_VIS": 0.5976577897866567,
    "euclid_Y": 0.696411520242691,
    "euclid_J": 0.7656795183817545,
    "euclid_H": 0.7402540544668833
  },
  "diag2b_source_mlp_r2": {
    "rubin_u": 0.35609778265158337,
    "rubin_g": 0.5940329780181249,
    "rubin_r": 0.6292731886108717,
    "rubin_i": 0.6614177996913592,
    "rubin_z": 0.49452687054872513,
    "rubin_y": 0.44601745158433914,
    "euclid_VIS": 0.646643710633119,
    "euclid_Y": 0.823402418444554,
    "euclid_J": 0.8615383648624023,
    "euclid_H": 0.845272853349646
  },
  "diag2b_mlp_rubin_mean": 0.5302276785175005,
  "diag2b_mlp_euclid_mean": 0.7942143368224304,
  "diag2b_mlp_euclid_over_rubin": 1.4978741567076015
}