{
 "checkpoint": "/home/shemmati/Work/Projects/JAISP/models/checkpoints/jaisp_v10_warmstart/checkpoint_best.pt",
 "tag": "v10",
 "fused_scale": 0.4,
 "n_tiles": 6,
 "n_sources": 120,
 "feat_dim": 256,
 "diag2b_source_ridge_r2": {
  "rubin_u": -0.007414638996124268,
  "rubin_g": -0.042888641357421875,
  "rubin_r": -0.2747462789217631,
  "rubin_i": 0.21082377433776855,
  "rubin_z": 0.12579639752705893,
  "rubin_y": 0.19429086645444235,
  "euclid_VIS": 0.5988385180632273,
  "euclid_Y": 0.6834307312965393,
  "euclid_J": 0.8435066441694895,
  "euclid_H": 0.8403765062491099
 },
 "diag2b_source_mlp_r2": {
  "rubin_u": 0.20245805382728577,
  "rubin_g": 0.4415099670489629,
  "rubin_r": 0.39470203469196957,
  "rubin_i": 0.5112398092945417,
  "rubin_z": 0.4979398349920909,
  "rubin_y": 0.39062028626600903,
  "euclid_VIS": 0.6732904476424059,
  "euclid_Y": 0.8189638486752907,
  "euclid_J": 0.8860516256342331,
  "euclid_H": 0.8757316650201877
 },
 "diag2b_mlp_rubin_mean": 0.4064116643534766,
 "diag2b_mlp_euclid_mean": 0.8135093967430294,
 "diag2b_ridge_rubin_mean": 0.03431024650732676,
 "diag2b_ridge_euclid_mean": 0.7415380999445914
}