{
 "checkpoint": "/home/shemmati/Work/Projects/JAISP/models/checkpoints/jaisp_v7_concat/checkpoint_best.pt",
 "tag": "v7",
 "fused_scale": 0.8,
 "n_tiles": 60,
 "n_sources": 951,
 "kfold": 6,
 "target_floor": -0.5,
 "standardized": true,
 "alpha_cv": true,
 "n_kept": {
  "rubin_u": 240,
  "rubin_g": 518,
  "rubin_r": 528,
  "rubin_i": 478,
  "rubin_z": 394,
  "rubin_y": 281,
  "euclid_VIS": 831,
  "euclid_Y": 784,
  "euclid_J": 812,
  "euclid_H": 841
 },
 "diag2b_source_ridge_r2": {
  "rubin_u": 0.6895640189854008,
  "rubin_g": 0.8861158807072952,
  "rubin_r": 0.9035069620643555,
  "rubin_i": 0.9215692372914811,
  "rubin_z": 0.9244977497227019,
  "rubin_y": 0.7773174220892352,
  "euclid_VIS": 0.6824461276422814,
  "euclid_Y": 0.7817374647713957,
  "euclid_J": 0.8426011186975102,
  "euclid_H": 0.838610405006985
 },
 "diag2b_source_mlp_r2": {
  "rubin_u": 0.781029881288608,
  "rubin_g": 0.8892898174623648,
  "rubin_r": 0.9195473063737154,
  "rubin_i": 0.9391691535711288,
  "rubin_z": 0.9396031275391579,
  "rubin_y": 0.8368066021551689,
  "euclid_VIS": 0.789913443227609,
  "euclid_Y": 0.874125774949789,
  "euclid_J": 0.9037148418525854,
  "euclid_H": 0.902450950195392
 },
 "diag2b_source_ridge_sd": {
  "rubin_u": 0.22164942677842078,
  "rubin_g": 0.05470985765295711,
  "rubin_r": 0.053670042861100206,
  "rubin_i": 0.03761431743347137,
  "rubin_z": 0.042363388388073485,
  "rubin_y": 0.20595310208430634,
  "euclid_VIS": 0.13336603275573114,
  "euclid_Y": 0.09852635895184014,
  "euclid_J": 0.04653250888476928,
  "euclid_H": 0.055766295411237406
 },
 "diag2b_source_mlp_sd": {
  "rubin_u": 0.1499321666644129,
  "rubin_g": 0.06327795203993643,
  "rubin_r": 0.05729287168652187,
  "rubin_i": 0.037667506269879435,
  "rubin_z": 0.03627515223681263,
  "rubin_y": 0.1292250927302611,
  "euclid_VIS": 0.0536830087341201,
  "euclid_Y": 0.03977321967836281,
  "euclid_J": 0.033453402543536466,
  "euclid_H": 0.026305822655665587
 },
 "diag2b_ridge_euclid_mean": 0.786348779029543,
 "diag2b_ridge_rubin_mean": 0.8504285451434116,
 "diag2b_mlp_euclid_mean": 0.8675512525563439,
 "diag2b_mlp_rubin_mean": 0.8842409813983573
}