{
 "checkpoint": "/home/shemmati/Work/Projects/JAISP/models/checkpoints/jaisp_v10_warmstart/checkpoint_best.pt",
 "tag": "v10",
 "fused_scale": 0.4,
 "n_tiles": 60,
 "n_sources": 1077,
 "kfold": 6,
 "target_floor": -0.5,
 "standardized": true,
 "alpha_cv": true,
 "n_kept": {
  "rubin_u": 249,
  "rubin_g": 579,
  "rubin_r": 584,
  "rubin_i": 521,
  "rubin_z": 434,
  "rubin_y": 302,
  "euclid_VIS": 1077,
  "euclid_Y": 1071,
  "euclid_J": 1061,
  "euclid_H": 1056
 },
 "diag2b_source_ridge_r2": {
  "rubin_u": 0.7212643262108062,
  "rubin_g": 0.9172227584977173,
  "rubin_r": 0.9109075559517655,
  "rubin_i": 0.9070554215262128,
  "rubin_z": 0.9202586392771641,
  "rubin_y": 0.9150751978277794,
  "euclid_VIS": 0.7291688982852896,
  "euclid_Y": 0.8682696025472091,
  "euclid_J": 0.8772843160037517,
  "euclid_H": 0.8881452593941578
 },
 "diag2b_source_mlp_r2": {
  "rubin_u": 0.8402283030251662,
  "rubin_g": 0.9246884925911824,
  "rubin_r": 0.9477106146514416,
  "rubin_i": 0.9583210808535417,
  "rubin_z": 0.9525263933464885,
  "rubin_y": 0.9024056848138571,
  "euclid_VIS": 0.8078270939489206,
  "euclid_Y": 0.9377000102152427,
  "euclid_J": 0.9563154332960645,
  "euclid_H": 0.9458226722975572
 },
 "diag2b_source_ridge_sd": {
  "rubin_u": 0.2307923812023094,
  "rubin_g": 0.035093492914571964,
  "rubin_r": 0.04238699660177845,
  "rubin_i": 0.03981477718523885,
  "rubin_z": 0.04442901789659378,
  "rubin_y": 0.03580268525038219,
  "euclid_VIS": 0.16606432485609926,
  "euclid_Y": 0.09157556725022774,
  "euclid_J": 0.08194487827706397,
  "euclid_H": 0.06448480033915095
 },
 "diag2b_source_mlp_sd": {
  "rubin_u": 0.07675834952236599,
  "rubin_g": 0.02627223481167513,
  "rubin_r": 0.020210946526984262,
  "rubin_i": 0.010917170240327205,
  "rubin_z": 0.02392922241309043,
  "rubin_y": 0.0350301237165291,
  "euclid_VIS": 0.04930719292647017,
  "euclid_Y": 0.02109354471606684,
  "euclid_J": 0.012724938085172364,
  "euclid_H": 0.021530586132470914
 },
 "diag2b_ridge_euclid_mean": 0.8407170190576021,
 "diag2b_ridge_rubin_mean": 0.8819639832152409,
 "diag2b_mlp_euclid_mean": 0.9119163024394463,
 "diag2b_mlp_rubin_mean": 0.9209800948802794
}