{
  "checkpoint": "/home/shemmati/Work/Projects/JAISP/models/checkpoints/jaisp_v9/checkpoint_best.pt",
  "n_tiles": 6,
  "diag1_mean_cross_over_within": 6597.999044894139,
  "diag1_per_target_within_frac": {
    "rubin_u": 6.719632407255262e-05,
    "rubin_g": 8.87213671721494e-05,
    "rubin_r": 0.000134807521676559,
    "rubin_i": 0.00010026974348290565,
    "rubin_z": 0.00010179657082919137,
    "rubin_y": 7.924986854435113e-05,
    "euclid_VIS": 0.9354583638578833,
    "euclid_Y": 0.999996042038016,
    "euclid_J": 0.9999961560869435,
    "euclid_H": 0.9999964160801625
  },
  "diag1_per_target_cross_frac": {
    "rubin_u": 0.9999328036759274,
    "rubin_g": 0.9999112786328279,
    "rubin_r": 0.9998651924783233,
    "rubin_i": 0.999899730256517,
    "rubin_z": 0.9998982034291711,
    "rubin_y": 0.9999207501314559,
    "euclid_VIS": 0.06454163614211657,
    "euclid_Y": 3.957961983951518e-06,
    "euclid_J": 3.843913056491798e-06,
    "euclid_H": 3.5839198375597947e-06
  },
  "diag2_random_ridge_r2": {
    "rubin_u": 0.32263341546058655,
    "rubin_g": -0.06155689557393392,
    "rubin_r": 0.3820681869983673,
    "rubin_i": 0.5074205696582794,
    "rubin_z": 0.6474740505218506,
    "rubin_y": -0.16187327106793722,
    "euclid_VIS": 0.28742549816767377,
    "euclid_Y": 0.2957828839619954,
    "euclid_J": 0.13909771045049033,
    "euclid_H": 0.30007079243659973
  },
  "diag2_random_ridge_rubin_mean": 0.2726943426662021,
  "diag2_random_ridge_euclid_mean": 0.25559422125418985,
  "diag2b_source_ridge_r2": {
    "rubin_u": -0.0714653730392456,
    "rubin_g": 0.1772752304871877,
    "rubin_r": -0.5577393372853597,
    "rubin_i": 0.1721499264240265,
    "rubin_z": 0.12700310349464417,
    "rubin_y": 0.22135594487190247,
    "euclid_VIS": 0.5269479950269064,
    "euclid_Y": 0.6306787729263306,
    "euclid_J": 0.8448649247487386,
    "euclid_H": 0.8409949640432993
  },
  "diag2b_source_mlp_r2": {
    "rubin_u": 0.2073497772216797,
    "rubin_g": 0.431674599647522,
    "rubin_r": 0.33837539454301196,
    "rubin_i": 0.4700967272122701,
    "rubin_z": 0.4751397371292114,
    "rubin_y": 0.3806983133157094,
    "euclid_VIS": 0.6460455606381098,
    "euclid_Y": 0.8196470309048891,
    "euclid_J": 0.8598630626996359,
    "euclid_H": 0.8596402853727341
  },
  "diag2b_mlp_rubin_mean": 0.3838890915115674,
  "diag2b_mlp_euclid_mean": 0.7962989849038422,
  "diag2b_mlp_euclid_over_rubin": 2.074294379578243
}