{
 "checkpoint": "/home/shemmati/Work/Projects/JAISP/models/checkpoints/jaisp_v10_q1_long/checkpoint_best.pt",
 "tag": "v10",
 "fused_scale": 0.4,
 "n_tiles": 60,
 "n_sources": 767,
 "kfold": 6,
 "target_floor": -0.5,
 "standardized": true,
 "alpha_cv": true,
 "n_kept": {
  "rubin_u": 203,
  "rubin_g": 440,
  "rubin_r": 456,
  "rubin_i": 414,
  "rubin_z": 362,
  "rubin_y": 273,
  "euclid_VIS": 766,
  "euclid_Y": 749,
  "euclid_J": 742,
  "euclid_H": 748
 },
 "diag2b_source_ridge_r2": {
  "rubin_u": 0.8281344097428053,
  "rubin_g": 0.9375530334033737,
  "rubin_r": 0.9442984507018557,
  "rubin_i": 0.9464539342229538,
  "rubin_z": 0.8893211410723335,
  "rubin_y": 0.8685371833352576,
  "euclid_VIS": 0.7051893549886458,
  "euclid_Y": 0.8147305491715687,
  "euclid_J": 0.9290691796197578,
  "euclid_H": 0.9243329307346914
 },
 "diag2b_source_mlp_r2": {
  "rubin_u": 0.8731102040037513,
  "rubin_g": 0.9465624041234454,
  "rubin_r": 0.9559116673966249,
  "rubin_i": 0.956394809919099,
  "rubin_z": 0.92924416406701,
  "rubin_y": 0.8972596786916256,
  "euclid_VIS": 0.7354440192381541,
  "euclid_Y": 0.8886021208018064,
  "euclid_J": 0.9370035162816445,
  "euclid_H": 0.924011804163456
 },
 "diag2b_source_ridge_sd": {
  "rubin_u": 0.11156211949389677,
  "rubin_g": 0.03628914524232197,
  "rubin_r": 0.029942625393344382,
  "rubin_i": 0.020377982502244155,
  "rubin_z": 0.08233876429631856,
  "rubin_y": 0.09020226929117749,
  "euclid_VIS": 0.11264186348158456,
  "euclid_Y": 0.16746014099607662,
  "euclid_J": 0.012050271579367203,
  "euclid_H": 0.020816369925561906
 },
 "diag2b_source_mlp_sd": {
  "rubin_u": 0.07641537895449226,
  "rubin_g": 0.01825525281814054,
  "rubin_r": 0.022231403591547398,
  "rubin_i": 0.02192196624712049,
  "rubin_z": 0.04284195778337467,
  "rubin_y": 0.05651401154335626,
  "euclid_VIS": 0.0907024367806309,
  "euclid_Y": 0.05677128764040167,
  "euclid_J": 0.02954724737130799,
  "euclid_H": 0.04231906155224373
 }
}