{
  "n_tiles": 6,
  "diag1_mean_cross_over_within": 2068.406720050528,
  "diag1_per_target_within_frac": {
    "rubin_u": 0.0002737371802292443,
    "rubin_g": 0.00028724045161187606,
    "rubin_r": 0.0005358414957834013,
    "rubin_i": 0.0003812669615392907,
    "rubin_z": 0.00027855253037824653,
    "rubin_y": 0.00018260213374710017,
    "euclid_VIS": 0.9155593666875834,
    "euclid_Y": 0.9999960723959415,
    "euclid_J": 0.9999964165914835,
    "euclid_H": 0.9999965663838197
  },
  "diag1_per_target_cross_frac": {
    "rubin_u": 0.9997262628197707,
    "rubin_g": 0.999712759548388,
    "rubin_r": 0.9994641585042165,
    "rubin_i": 0.9996187330384606,
    "rubin_z": 0.9997214474696218,
    "rubin_y": 0.9998173978662527,
    "euclid_VIS": 0.08444063331241675,
    "euclid_Y": 3.927604058551085e-06,
    "euclid_J": 3.583408516641423e-06,
    "euclid_H": 3.4336161802481115e-06
  },
  "diag2_random_ridge_r2_per_band": {
    "rubin_u": 0.440828671058019,
    "rubin_g": 0.6234208941459656,
    "rubin_r": 0.6466552515824636,
    "rubin_i": 0.5856990019480387,
    "rubin_z": 0.5955298542976379,
    "rubin_y": 0.33138622840245563,
    "euclid_VIS": 0.3051852285861969,
    "euclid_Y": 0.37155182162920636,
    "euclid_J": 0.43884992599487305,
    "euclid_H": 0.41993964711825055
  },
  "diag2_random_ridge_rubin_mean": 0.5372533169057634,
  "diag2_random_ridge_euclid_mean": 0.38388165583213174,
  "diag2b_source_centered_ridge_r2_per_band": {
    "rubin_u": 0.11811371644337972,
    "rubin_g": 0.4396673043568929,
    "rubin_r": 0.3933483064174652,
    "rubin_i": 0.5120741824309031,
    "rubin_z": 0.33692023158073425,
    "rubin_y": 0.2334797978401184,
    "euclid_VIS": 0.5976577897866567,
    "euclid_Y": 0.696411520242691,
    "euclid_J": 0.7656795183817545,
    "euclid_H": 0.7402540544668833
  },
  "diag2b_source_centered_mlp_r2_per_band": {
    "rubin_u": 0.3527524421612422,
    "rubin_g": 0.5911198010047277,
    "rubin_r": 0.635082925359408,
    "rubin_i": 0.6629124383131663,
    "rubin_z": 0.4916257709264755,
    "rubin_y": 0.4413747265934944,
    "euclid_VIS": 0.6440157915155093,
    "euclid_Y": 0.8245937799413999,
    "euclid_J": 0.8595291171222925,
    "euclid_H": 0.8439217942456404
  },
  "diag2b_mlp_rubin_mean": 0.5291446840597523,
  "diag2b_mlp_euclid_mean": 0.7930151207062105,
  "diag2b_mlp_euclid_over_rubin": 1.498673509524781,
  "verdict": "Cross-instrument signal is genuinely in the bottleneck \u2014 both the input gradient flow AND the bottleneck content show it. v9 adversarial masking not urgent."
}