{
  "loss_total": 0.002750673192672871,
  "loss_offset": 0.0020017482523447447,
  "loss_smooth": 0.003405152940508237,
  "mae_ra": 0.03654107904811907,
  "mae_dec": 0.036355780301770814,
  "mae_total": 0.05667346042011761,
  "frac_01arcsec": 0.9240729808807373,
  "frac_02arcsec": 0.9999901379148165,
  "loss_coarse": 0.002042048182273801,
  "coarse_mae_total": 0.05697257296803097,
  "epoch": 40,
  "lr": 1e-06,
  "temp": 0.07499030977487564,
  "residual_gain": 1.1465598344802856,
  "time_sec": 5.899998903274536,
  "samples": 144
}