{
  "loss_total": 0.0023671473702254137,
  "loss_offset": 0.001968443224137041,
  "loss_smooth": 4.986350303523876e-05,
  "mae_ra": 0.03634895148247273,
  "mae_dec": 0.03628224256357902,
  "mae_total": 0.0565644803767403,
  "frac_01arcsec": 0.9315082989633083,
  "frac_02arcsec": 1.0,
  "loss_coarse": 0.001968589007851228,
  "coarse_mae_total": 0.05656644810612003,
  "epoch": 30,
  "lr": 1e-06,
  "temp": 0.11922112852334976,
  "residual_gain": 1.1787071228027344,
  "time_sec": 6.741166591644287,
  "samples": 144
}