{
  "loss_total": 0.06669228729798407,
  "loss_offset": 0.04404210002556081,
  "loss_smooth": 0.00583310589071415,
  "mae_ra": 0.16828665597131476,
  "mae_dec": 0.16050677463903817,
  "mae_total": 0.2553753808347715,
  "frac_01arcsec": 0.1841109571637105,
  "frac_02arcsec": 0.43415123834498737,
  "loss_coarse": 0.04413375430400871,
  "coarse_mae_total": 0.25553890333200496,
  "epoch": 50,
  "lr": 1e-06,
  "temp": 0.05506069213151932,
  "residual_gain": 0.8842892646789551,
  "time_sec": 6.562659502029419,
  "samples": 144
}