{
  "loss_total": 0.08380788064742875,
  "loss_offset": 0.07943920321930717,
  "loss_smooth": 0.0873735512399839,
  "mae_ra": 0.22300086616693685,
  "mae_dec": 0.2432201659410364,
  "mae_total": 0.3648590423270232,
  "frac_01arcsec": 0.06545857973085528,
  "frac_02arcsec": 0.18470414270672741,
  "epoch": 80,
  "lr": 1e-06,
  "temp": 0.30592769384384155,
  "time_sec": 5.251867771148682,
  "samples": 144
}