{
  "loss_total": 0.053593036361336194,
  "loss_offset": 0.05359226820130263,
  "loss_smooth": 7.680827287180768e-06,
  "mae_ra": 0.1873428821240345,
  "mae_dec": 0.1716043992524242,
  "mae_total": 0.2798633305873308,
  "frac_01arcsec": 0.20046278342811596,
  "frac_02arcsec": 0.38381705386345444,
  "epoch": 50,
  "lr": 1e-06,
  "time_sec": 6.06089448928833,
  "samples": 144
}