{
  "loss_total": 0.19190944550145003,
  "loss_offset": 0.11335702439666623,
  "loss_smooth": 0.7855241956810156,
  "mae_ra": 0.26141340792593026,
  "mae_dec": 0.2656136688051952,
  "mae_total": 0.4088346396262447,
  "frac_01arcsec": 0.05707922447153477,
  "frac_02arcsec": 0.2012426047488892,
  "epoch": 3,
  "lr": 1e-06,
  "temp": 0.12089230120182037,
  "time_sec": 23.81086492538452,
  "samples": 144
}