{
  "loss_total": 0.004224661449875889,
  "loss_offset": 0.004116291374278565,
  "loss_smooth": 0.0010837007883108324,
  "mae_ra": 0.08155253814119431,
  "mae_dec": 0.03837728750012401,
  "mae_total": 0.09045849171363646,
  "frac_01arcsec": 0.9123175545910271,
  "frac_02arcsec": 1.0,
  "epoch": 1,
  "lr": 0.0,
  "temp": 0.10000000149011612,
  "residual_gain": 0.0,
  "time_sec": 20.79512095451355,
  "samples": 144
}