{
  "epoch": 30,
  "time_sec": 5.51441764831543,
  "train": {
    "loss_total": -1.804424952004702,
    "loss_main": -2.0479074382903315,
    "loss_px": 0.24086622014148848,
    "loss_reg": 0.0026162632983343787,
    "mae_ra": 0.03622994920281508,
    "mae_dec": 0.03543801661154241,
    "mae_total": 0.05618536349092124,
    "p68_total": 0.06509288307516325,
    "mae_px": 0.5618596434896532,
    "frac_01arcsec": 0.8584670509394192,
    "frac_02arcsec": 0.9879134860050891,
    "sigma_median": 0.050532501162463474,
    "confidence_mean": 0.026672697500456078,
    "batches": 393,
    "samples": 25137,
    "temp": 0.032925114035606384,
    "lr": 1e-06
  },
  "val": {
    "loss_total": -1.764806674586402,
    "loss_main": -2.010516001118554,
    "loss_px": 0.24301695306268004,
    "loss_reg": 0.0026923822062801467,
    "mae_ra": 0.036554463414682284,
    "mae_dec": 0.0360820432090097,
    "mae_total": 0.05685089259511895,
    "p68_total": 0.06483577347050111,
    "mae_px": 0.5685132005148463,
    "frac_01arcsec": 0.8519965277777778,
    "frac_02arcsec": 0.9904513888888888,
    "sigma_median": 0.04902451444003317,
    "confidence_mean": 0.026723168945560854,
    "batches": 36,
    "samples": 2304,
    "temp": 0.032925114035606384
  },
  "best_score_arcsec": 0.05684127793129948
}