{
  "epoch": 30,
  "time_sec": 3.817394733428955,
  "train": {
    "loss_total": 1.6496329653354092,
    "loss_main": -2.047631002564467,
    "loss_px": 3.6930069204505163,
    "loss_reg": 0.004257045758226958,
    "mae_ra": 0.03803955066152884,
    "mae_dec": 0.03692249721982552,
    "mae_total": 0.058817839292624526,
    "p68_total": 0.0688430916603285,
    "mae_px": 0.5881846971411742,
    "frac_01arcsec": 0.8128777034865081,
    "frac_02arcsec": 0.9831822519083969,
    "sigma_median": 0.0506059835089072,
    "confidence_mean": 0.02909571414401058,
    "batches": 262,
    "samples": 16758,
    "temp": 0.03607918694615364,
    "lr": 1e-06
  },
  "val": {
    "loss_total": 1.8115828434626262,
    "loss_main": -1.99827707807223,
    "loss_px": 3.8056132147709527,
    "loss_reg": 0.004246701214772959,
    "mae_ra": 0.039132697391323745,
    "mae_dec": 0.03762685678278407,
    "mae_total": 0.06019404887532195,
    "p68_total": 0.06889524264261127,
    "mae_px": 0.6019450575113297,
    "frac_01arcsec": 0.80859375,
    "frac_02arcsec": 0.9856770833333334,
    "sigma_median": 0.04862711609651645,
    "confidence_mean": 0.02905255206860602,
    "batches": 24,
    "samples": 1536,
    "temp": 0.03607918694615364
  },
  "best_score_arcsec": 0.06018130799445013
}