{
  "loss_total": 5.589766897054182,
  "loss_masked": 5.537664204008049,
  "loss_unmasked": 0.0,
  "loss_ssim": 0.4797575705581241,
  "loss_grad": 1.4057430514237947,
  "psnr_masked": 13.463164094421598,
  "mask_frac": 0.06500321996605231,
  "context_count_mean": 2.3333333333333335,
  "samples": 144,
  "lr_head": 1e-06,
  "epoch_time_sec": 9.193893671035767,
  "mask_counts": {
    "random": 28,
    "object": 33,
    "hard": 83
  },
  "val_loss_masked": 13.704010741785169,
  "val_loss_ssim": 0.485220592468977,
  "val_loss_grad": 2.1901622842997313,
  "val_psnr_masked": 12.370336592197418,
  "val_mask_frac": 0.04865658096969128,
  "val_context_count_mean": 2.75,
  "val_samples": 16
}