{
  "epoch": 15,
  "time_sec": 7.018560886383057,
  "train": {
    "loss_total": 0.0023509151889646255,
    "loss_dense": 0.0023156436218414456,
    "loss_smooth": 0.0017635776814792982,
    "mae_ra": 0.03530433672395619,
    "mae_dec": 0.034898454027081076,
    "mae_total": 0.05502912842414596,
    "p68_total": 0.06278277493335983,
    "frac_01arcsec": 0.8873588646000082,
    "frac_02arcsec": 0.9909124740145423,
    "match_count": 102.1590909090909,
    "input_band_count": 4.0,
    "samples": 44,
    "fields": 44,
    "temp": 0.10012228786945343,
    "residual_gain": 1.1975998878479004,
    "lr": 1e-06
  },
  "val": {
    "loss_total": 0.004185986879747361,
    "loss_dense": 0.004149508487898856,
    "loss_smooth": 0.001823921105824411,
    "mae_ra": 0.04423212353140116,
    "mae_dec": 0.04086707811802626,
    "mae_total": 0.06611425895243883,
    "p68_total": 0.07234425470232964,
    "frac_01arcsec": 0.8420999646186829,
    "frac_02arcsec": 0.9773157685995102,
    "match_count": 111.5,
    "input_band_count": 4.0,
    "samples": 4,
    "fields": 4,
    "temp": 0.10012228786945343,
    "residual_gain": 1.1975998878479004
  },
  "best_score_arcsec": 0.06456212233752012
}