{
  "loss_total": 0.004293753887597834,
  "loss_offset": 0.003253148482043697,
  "loss_smooth": 0.005203026956425876,
  "mae_ra": 0.04610312669440949,
  "mae_dec": 0.04295017845126697,
  "mae_total": 0.06926664090456648,
  "frac_01arcsec": 0.6902346542310624,
  "frac_02arcsec": 0.9996552065842681,
  "epoch": 50,
  "lr": 1e-06,
  "temp": 0.13527941703796387,
  "time_sec": 5.823394060134888,
  "samples": 144
}