{
  "loss_total": 5.673624401291211,
  "loss_masked": 3.9258535559185677,
  "loss_unmasked": 0.0,
  "loss_ssim": 0.48496360931959415,
  "loss_grad": 1.3784929234534502,
  "loss_flux": 0.6065154808683373,
  "loss_bg_stat": 0.8145134470994688,
  "loss_bg_mean": 0.3065250167920668,
  "loss_bg_std": 0.5079884205220474,
  "psnr_masked": 12.666087965170542,
  "mask_frac": 0.06440507806190807,
  "context_count_mean": 2.111111111111111,
  "samples": 144,
  "lr_head": 1e-06,
  "epoch_time_sec": 8.772749900817871,
  "mask_counts": {
    "random": 33,
    "object": 31,
    "hard": 80
  },
  "val_loss_total": 6.03740006685257,
  "val_loss_masked": 3.6661699693650007,
  "val_loss_ssim": 0.47903030179440975,
  "val_loss_grad": 1.6381350653246045,
  "val_loss_flux": 0.41696150694042444,
  "val_loss_bg_stat": 1.7198259443975985,
  "val_loss_bg_mean": 0.5712619294645265,
  "val_loss_bg_std": 1.1485640285536647,
  "val_psnr_masked": 12.414480030536652,
  "val_mask_frac": 0.04869260254781693,
  "val_context_count_mean": 2.8125,
  "val_samples": 16
}