{
  "loss_total": 0.030832335529137507,
  "loss_offset": 0.025487127785810217,
  "loss_smooth": 0.0024791248837977443,
  "mae_ra": 0.11451789096463472,
  "mae_dec": 0.11577710729195839,
  "mae_total": 0.1791628623743438,
  "frac_01arcsec": 0.3797987314248164,
  "frac_02arcsec": 0.6585216524199622,
  "loss_coarse": 0.02548647676060985,
  "coarse_mae_total": 0.17917874238143364,
  "epoch": 50,
  "lr": 1e-06,
  "temp": 0.07544633746147156,
  "residual_gain": 1.15017831325531,
  "time_sec": 6.860604524612427,
  "samples": 144
}