{
  "loss_total": 3.223356896597478,
  "loss_masked": 3.1264356112935476,
  "loss_unmasked": 0.0,
  "loss_ssim": 0.4807426403794024,
  "loss_grad": 0.9769401993188593,
  "psnr_masked": 14.3883838057518,
  "mask_frac": 0.03455785697507155,
  "context_count_mean": 5.368055555555555,
  "samples": 144,
  "lr_head": 0.00013176268158213652,
  "epoch_time_sec": 115.43368172645569,
  "mask_counts": {
    "random": 64,
    "object": 63,
    "hard": 17
  },
  "val_loss_masked": 1.8994468552991748,
  "val_loss_ssim": 0.4830144699662924,
  "val_loss_grad": 0.7034919592551887,
  "val_psnr_masked": 13.498691439628601,
  "val_mask_frac": 0.03567489713896066,
  "val_context_count_mean": 5.875,
  "val_samples": 16
}