{
  "loss_total": 5.956759933796194,
  "loss_masked": 4.55284547391865,
  "loss_unmasked": 0.0,
  "loss_ssim": 0.4898500537706746,
  "loss_grad": 1.477242376241419,
  "loss_flux": 0.6341701780394133,
  "loss_bg_stat": 0.42808974542034167,
  "loss_bg_mean": 0.14338376059054603,
  "loss_bg_std": 0.2847059846131338,
  "psnr_masked": 12.44057722389698,
  "mask_frac": 0.06439689218273593,
  "context_count_mean": 2.6944444444444446,
  "samples": 144,
  "lr_head": 1e-06,
  "epoch_time_sec": 10.332549571990967,
  "mask_counts": {
    "random": 33,
    "object": 31,
    "hard": 80
  },
  "val_loss_total": 14.0052992105484,
  "val_loss_masked": 11.906970715150237,
  "val_loss_ssim": 0.4851751048117876,
  "val_loss_grad": 2.3663134248927236,
  "val_loss_flux": 1.0998635746072978,
  "val_loss_bg_stat": 0.41516617266461253,
  "val_loss_bg_mean": 0.09847835591062903,
  "val_loss_bg_std": 0.31668781489133835,
  "val_psnr_masked": 10.721314162015915,
  "val_mask_frac": 0.04865658096969128,
  "val_context_count_mean": 2.75,
  "val_samples": 16
}