{
  "loss_total": 0.07673065043895298,
  "loss_offset": 0.07583430984070422,
  "loss_smooth": 0.04481704465837942,
  "mae_ra": 0.21681175590492785,
  "mae_dec": 0.23928379295911226,
  "mae_total": 0.3566740839742124,
  "frac_01arcsec": 0.06042518583142156,
  "frac_02arcsec": 0.19358989932903922,
  "epoch": 80,
  "lr": 1e-06,
  "temp": 0.07493691891431808,
  "time_sec": 5.4735329151153564,
  "samples": 144
}