{
  "config": {
    "ref_catalog": "",
    "cand_catalog": "",
    "max_sep_arcsec": 0.1,
    "clip_sigma": 3.5,
    "auto_from_tiles": true,
    "rubin_tile": "/home/shemmati/JAISP/data/rubin_tiles_ecdfs/tile_x00000_y00000.npz",
    "euclid_tile": "/home/shemmati/JAISP/data/euclid_tiles_ecdfs/tile_x00000_y00000_euclid.npz",
    "rubin_band": "r",
    "euclid_band": "VIS",
    "detect": {
      "nsigma": 10.0,
      "top": 5000,
      "local_box": 128,
      "border": 10,
      "refine_r": 5
    }
  },
  "before_all_candidates": {
    "n_ref": 237,
    "n_cand": 74,
    "n_matches": 43,
    "max_sep_arcsec": 0.1,
    "sep_median_arcsec": 0.05353666582233963,
    "sep_p95_arcsec": 0.09601511582790048,
    "all_matches": {
      "n": 43,
      "median_dra_mas": -11.771145298000617,
      "median_ddec_mas": -24.638418089750758,
      "median_offset_mas": 27.305887782527773,
      "rms_offset_mas": 59.71150422669432,
      "p68_offset_mas": 70.471199158872,
      "p95_offset_mas": 96.01511777232176,
      "centered_rms_offset_mas": 54.18891099522625,
      "centered_p68_offset_mas": 61.814386614363386
    },
    "clipped_matches": {
      "n": 43,
      "median_dra_mas": -11.771145298000617,
      "median_ddec_mas": -24.638418089750758,
      "median_offset_mas": 27.305887782527773,
      "rms_offset_mas": 59.71150422669432,
      "p68_offset_mas": 70.471199158872,
      "p95_offset_mas": 96.01511777232176,
      "centered_rms_offset_mas": 54.18891099522625,
      "centered_p68_offset_mas": 61.814386614363386
    },
    "clip_sigma": 3.5,
    "n_clipped": 43
  },
  "before_correctable_subset": {
    "n_ref": 237,
    "n_cand": 74,
    "n_matches": 43,
    "max_sep_arcsec": 0.1,
    "sep_median_arcsec": 0.05353666582233963,
    "sep_p95_arcsec": 0.09601511582790048,
    "all_matches": {
      "n": 43,
      "median_dra_mas": -11.771145298000617,
      "median_ddec_mas": -24.638418089750758,
      "median_offset_mas": 27.305887782527773,
      "rms_offset_mas": 59.71150422669432,
      "p68_offset_mas": 70.471199158872,
      "p95_offset_mas": 96.01511777232176,
      "centered_rms_offset_mas": 54.18891099522625,
      "centered_p68_offset_mas": 61.814386614363386
    },
    "clipped_matches": {
      "n": 43,
      "median_dra_mas": -11.771145298000617,
      "median_ddec_mas": -24.638418089750758,
      "median_offset_mas": 27.305887782527773,
      "rms_offset_mas": 59.71150422669432,
      "p68_offset_mas": 70.471199158872,
      "p95_offset_mas": 96.01511777232176,
      "centered_rms_offset_mas": 54.18891099522625,
      "centered_p68_offset_mas": 61.814386614363386
    },
    "clip_sigma": 3.5,
    "n_clipped": 43
  },
  "after_correction": {
    "n_ref": 237,
    "n_cand": 74,
    "n_matches": 44,
    "max_sep_arcsec": 0.1,
    "sep_median_arcsec": 0.058864320000340274,
    "sep_p95_arcsec": 0.09229801355656417,
    "all_matches": {
      "n": 44,
      "median_dra_mas": -13.81655371315184,
      "median_ddec_mas": -16.49124147959924,
      "median_offset_mas": 21.514139584163352,
      "rms_offset_mas": 62.83395670748374,
      "p68_offset_mas": 67.76056929683526,
      "p95_offset_mas": 92.29801307485823,
      "centered_rms_offset_mas": 60.152248650026856,
      "centered_p68_offset_mas": 65.76553402279347
    },
    "clipped_matches": {
      "n": 44,
      "median_dra_mas": -13.81655371315184,
      "median_ddec_mas": -16.49124147959924,
      "median_offset_mas": 21.514139584163352,
      "rms_offset_mas": 62.83395670748374,
      "p68_offset_mas": 67.76056929683526,
      "p95_offset_mas": 92.29801307485823,
      "centered_rms_offset_mas": 60.152248650026856,
      "centered_p68_offset_mas": 65.76553402279347
    },
    "clip_sigma": 3.5,
    "n_clipped": 44
  },
  "correction_sampling": {
    "concordance_fits": "/home/shemmati/JAISP/models/checkpoints/astrometry_postcheck/concordance_jaisp_astrometry_stem_small_tile_x00000_y00000_r.fits",
    "dra_ext": "tile_x00000_y00000.r.DRA",
    "dde_ext": "tile_x00000_y00000.r.DDE",
    "n_candidates_total": 74,
    "n_candidates_correctable": 74,
    "sampled_correction_abs_arcsec": {
      "median_arcsec": 0.01526526409476082,
      "p68_arcsec": 0.02618001312589745,
      "p95_arcsec": 0.04778318709967676,
      "max_arcsec": 0.07038028392451635
    },
    "apply_sign": 1.0,
    "xy_space": "vis",
    "xy_origin": 0
  }
}