{
  "epoch": 50,
  "time_sec": 47.797982692718506,
  "train": {
    "loss_total": 0.00380161055319618,
    "loss_dense": 0.0037136466077451282,
    "loss_smooth": 0.004398197030461619,
    "mae_ra": 0.044969626257873395,
    "mae_dec": 0.0446743192927291,
    "mae_total": 0.0703445455115853,
    "p68_total": 0.08189793131455328,
    "frac_01arcsec": 0.7833289384390368,
    "frac_02arcsec": 0.9763557520328146,
    "match_count": 102.1590909090909,
    "input_band_count": 6.0,
    "samples": 264,
    "fields": 264,
    "temp": 0.1095217689871788,
    "residual_gain": 1.1778697967529297,
    "lr": 1e-06
  },
  "val": {
    "loss_total": 0.006163207920811449,
    "loss_dense": 0.0060867840754023446,
    "loss_smooth": 0.003821190601835648,
    "mae_ra": 0.054875627625733614,
    "mae_dec": 0.05247395873690645,
    "mae_total": 0.08403973126163085,
    "p68_total": 0.09393342367062966,
    "frac_01arcsec": 0.718984343111515,
    "frac_02arcsec": 0.9515849749247233,
    "match_count": 111.5,
    "input_band_count": 6.0,
    "samples": 24,
    "fields": 24,
    "temp": 0.1095217689871788,
    "residual_gain": 1.1778697967529297
  },
  "best_score_arcsec": 0.08176726273571451
}