{
  "loss_total": 1.0356694911056113e-06,
  "loss_offset": 2.640394518655911e-07,
  "loss_smooth": 7.188294618900828e-06,
  "mae_ra": 0.0004146702263672826,
  "mae_dec": 0.00041241637979459885,
  "mae_total": 0.0006444673464961346,
  "frac_01arcsec": 1.0,
  "frac_02arcsec": 1.0,
  "loss_coarse": 2.6400283482016135e-07,
  "coarse_mae_total": 0.0006437911656070759,
  "epoch": 20,
  "lr": 1e-06,
  "temp": 0.10301876813173294,
  "residual_gain": 1.1948590278625488,
  "time_sec": 6.736246109008789,
  "samples": 144
}