{
  "epoch": 15,
  "time_sec": 2.8125834465026855,
  "train": {
    "loss_total": 0.005508317030034959,
    "loss_dense": 0.0024521379699845884,
    "loss_anchor": 0.0013580866613086653,
    "loss_smooth": 0.017000288744880396,
    "mae_ra": 0.03345897641371597,
    "mae_dec": 0.033849323972720995,
    "mae_total": 0.05281727871095592,
    "p68_total": 0.06096672850914977,
    "anchor_mae_total": 0.0424115977419371,
    "anchor_p68_total": 0.048140845600176944,
    "frac_01arcsec": 0.9103483124212786,
    "frac_02arcsec": 0.9952116676352241,
    "match_count": 102.1590909090909,
    "input_band_count": 1.0,
    "samples": 44,
    "fields": 44,
    "temp": 0.10012228786945343,
    "residual_gain": 1.1995949745178223,
    "lr": 1e-06
  },
  "val": {
    "loss_total": 0.012049440178088844,
    "loss_dense": 0.006061400461476296,
    "loss_anchor": 0.002822457521688193,
    "loss_smooth": 0.01715622190386057,
    "mae_ra": 0.04461937863379717,
    "mae_dec": 0.04148431494832039,
    "mae_total": 0.06712870672345161,
    "p68_total": 0.07365750893950462,
    "anchor_mae_total": 0.05949758272618055,
    "anchor_p68_total": 0.06791209615767002,
    "frac_01arcsec": 0.8337207138538361,
    "frac_02arcsec": 0.9812901765108109,
    "match_count": 111.5,
    "input_band_count": 1.0,
    "samples": 4,
    "fields": 4,
    "temp": 0.10012228786945343,
    "residual_gain": 1.1995949745178223
  },
  "best_score_arcsec": 0.06503390986472368
}