{
  "epoch": 100,
  "time_sec": 0.9672071933746338,
  "train": {
    "loss_total": -2.7326376113024624,
    "loss_main": -2.831874273040078,
    "loss_px": 0.09694325382059271,
    "loss_reg": 0.002293396667069332,
    "mae_ra": 0.018432123925198208,
    "mae_dec": 0.019602648067203434,
    "mae_total": 0.030057487924667923,
    "p68_total": 0.035896440544589,
    "mae_px": 0.3005778058008714,
    "frac_01arcsec": 0.9633116911758076,
    "frac_02arcsec": 0.9962932928041979,
    "sigma_median": 0.025187588635493408,
    "confidence_mean": 0.03229752326892181,
    "batches": 22,
    "samples": 2793,
    "temp": 0.03748758137226105,
    "lr": 1e-06
  },
  "val": {
    "loss_total": -2.2642284631729126,
    "loss_main": -2.415853977203369,
    "loss_px": 0.14951232820749283,
    "loss_reg": 0.0021131468238309026,
    "mae_ra": 0.026391932740807533,
    "mae_dec": 0.0254480242729187,
    "mae_total": 0.04004480689764023,
    "p68_total": 0.045838579535484314,
    "mae_px": 0.40045107901096344,
    "frac_01arcsec": 0.91796875,
    "frac_02arcsec": 0.9921875,
    "sigma_median": 0.03020311053842306,
    "confidence_mean": 0.03239092417061329,
    "batches": 2,
    "samples": 256,
    "temp": 0.03748758137226105
  },
  "best_score_arcsec": 0.04001591168344021
}