{
  "epoch": 40,
  "time_sec": 0.7235057353973389,
  "train": {
    "loss_total": -2.4556455612182617,
    "loss_main": -2.5757076631892812,
    "loss_px": 0.11816182918846607,
    "loss_reg": 0.0019002559565706179,
    "mae_ra": 0.02171798727729104,
    "mae_dec": 0.023048828228969465,
    "mae_total": 0.03537443394518711,
    "p68_total": 0.0426336779597808,
    "mae_px": 0.3537479977716099,
    "frac_01arcsec": 0.9503966867923737,
    "frac_02arcsec": 0.9964488622817126,
    "sigma_median": 0.03178866237232631,
    "confidence_mean": 0.030394778967919676,
    "batches": 44,
    "samples": 2793,
    "temp": 0.04001247510313988,
    "lr": 1e-06
  },
  "val": {
    "loss_total": -2.1355766654014587,
    "loss_main": -2.3025039434432983,
    "loss_px": 0.16515293344855309,
    "loss_reg": 0.0017744281503837556,
    "mae_ra": 0.02896352205425501,
    "mae_dec": 0.027401109226047993,
    "mae_total": 0.043663677759468555,
    "p68_total": 0.053908804431557655,
    "mae_px": 0.43664010614156723,
    "frac_01arcsec": 0.91015625,
    "frac_02arcsec": 0.98828125,
    "sigma_median": 0.03551263641566038,
    "confidence_mean": 0.030399901792407036,
    "batches": 4,
    "samples": 256,
    "temp": 0.04001247510313988
  },
  "best_score_arcsec": 0.043663677759468555
}