{
  "loss_total": 0.0806147484949583,
  "loss_offset": 0.07754114474907207,
  "loss_smooth": 0.10245346588393052,
  "mae_ra": 0.22044435671220222,
  "mae_dec": 0.24113308671965367,
  "mae_total": 0.3611845196121269,
  "frac_01arcsec": 0.06003451660813476,
  "frac_02arcsec": 0.18438034392107105,
  "epoch": 80,
  "lr": 1e-06,
  "temp": 0.1810702532529831,
  "time_sec": 5.150775194168091,
  "samples": 144
}