{
  "loss_total": 5.1508024417691765,
  "loss_masked": 4.906426010549897,
  "loss_unmasked": 0.0,
  "loss_ssim": 0.47755718665818375,
  "loss_grad": 1.4125767953486905,
  "loss_flux": 0.5091935172935741,
  "loss_bg_stat": 0.43299064154012334,
  "loss_bg_mean": 0.18904871945010704,
  "loss_bg_std": 0.24394192303427392,
  "psnr_masked": 13.87795787387424,
  "mask_frac": 0.06500321996605231,
  "context_count_mean": 2.3333333333333335,
  "samples": 144,
  "lr_head": 1e-06,
  "epoch_time_sec": 9.375903129577637,
  "mask_counts": {
    "random": 28,
    "object": 33,
    "hard": 83
  },
  "val_loss_total": 12.73080431856215,
  "val_loss_masked": 12.458690957166255,
  "val_loss_ssim": 0.4808645360171795,
  "val_loss_grad": 2.247402986511588,
  "val_loss_flux": 0.5983923994936049,
  "val_loss_bg_stat": 0.3568260206375271,
  "val_loss_bg_mean": 0.1171758983982727,
  "val_loss_bg_std": 0.23965012934058905,
  "val_psnr_masked": 12.08566352725029,
  "val_mask_frac": 0.04865658096969128,
  "val_context_count_mean": 2.75,
  "val_samples": 16
}