{
  "loss_total": 0.0023543216987794344,
  "loss_offset": 0.001957792794200941,
  "loss_smooth": 5.64149183648826e-05,
  "mae_ra": 0.03708912339708251,
  "mae_dec": 0.03503240215488606,
  "mae_total": 0.05601729645342049,
  "frac_01arcsec": 0.9289967599842284,
  "frac_02arcsec": 1.0,
  "loss_coarse": 0.001954437081318853,
  "coarse_mae_total": 0.05598492921692216,
  "epoch": 20,
  "lr": 1e-06,
  "temp": 0.1148306131362915,
  "residual_gain": 1.1785125732421875,
  "time_sec": 6.767998218536377,
  "samples": 144
}