{
  "loss_total": 0.05771312127439564,
  "loss_offset": 0.055097068388325475,
  "loss_smooth": 0.02616053066837291,
  "mae_ra": 0.18980299946593326,
  "mae_dec": 0.17698438137692088,
  "mae_total": 0.2853105555081533,
  "frac_01arcsec": 0.17612247062252273,
  "frac_02arcsec": 0.40049467488433443,
  "epoch": 50,
  "lr": 1e-06,
  "temp": 0.19195780158042908,
  "time_sec": 5.874577760696411,
  "samples": 144
}