{
  "epoch": 15,
  "time_sec": 2.807494640350342,
  "train": {
    "loss_total": 0.00228562996331179,
    "loss_dense": 0.0022262651049955325,
    "loss_smooth": 0.0029682436883872883,
    "mae_ra": 0.034737550653517246,
    "mae_dec": 0.034011149270968,
    "mae_total": 0.05382600265809081,
    "p68_total": 0.061176823790777816,
    "frac_01arcsec": 0.8949972296302969,
    "frac_02arcsec": 0.9913937855850566,
    "match_count": 102.1590909090909,
    "input_band_count": 1.0,
    "samples": 44,
    "fields": 44,
    "temp": 0.10012228786945343,
    "residual_gain": 1.1976611614227295,
    "lr": 1e-06
  },
  "val": {
    "loss_total": 0.004104141844436526,
    "loss_dense": 0.0040496906149201095,
    "loss_smooth": 0.0027225587400607765,
    "mae_ra": 0.04331592936068773,
    "mae_dec": 0.039913334883749485,
    "mae_total": 0.06484196335077286,
    "p68_total": 0.07082993350923061,
    "frac_01arcsec": 0.8545540571212769,
    "frac_02arcsec": 0.9764835685491562,
    "match_count": 111.5,
    "input_band_count": 1.0,
    "samples": 4,
    "fields": 4,
    "temp": 0.10012228786945343,
    "residual_gain": 1.1976611614227295
  },
  "best_score_arcsec": 0.06456229090690613
}