{
  "t_eff": 2024.8261958590222,
  "slope_ra": 8.8500463182481,
  "slope_dec": 8.802345399796247,
  "naive": {
    "epoch": 2016.0,
    "tie": [
      41.88986700881579,
      -21.654954655048186
    ],
    "floor_bright": 66.67817283380575,
    "floor_all": 56.927947739735025,
    "slope": [
      8.8500463182481,
      8.802345399796247
    ],
    "n": 265,
    "nbright": 88
  },
  "old": {
    "epoch": 2025.0,
    "tie": [
      -3.5127496323636804,
      -1.983340992239846
    ],
    "floor_bright": 2.9280955802369077,
    "floor_all": 3.881849610615028,
    "slope": [
      -0.14995368179043914,
      -0.19765460020849776
    ],
    "n": 265,
    "nbright": 88
  },
  "selfcal": {
    "epoch": 2024.8261958590222,
    "tie": [
      -2.5630997817614753,
      -2.309225872920706
    ],
    "floor_bright": 2.6315354752215945,
    "floor_all": 3.4460274247697855,
    "slope": [
      0.023850459254832916,
      -0.023850459233193465
    ],
    "n": 265,
    "nbright": 88
  }
}