{
 "epoch": [
  2020.0,
  2020.25,
  2020.5,
  2020.75,
  2021.0,
  2021.25,
  2021.5,
  2021.75,
  2022.0,
  2022.25,
  2022.5,
  2022.75,
  2023.0,
  2023.25,
  2023.5,
  2023.75,
  2024.0,
  2024.25,
  2024.5,
  2024.75,
  2025.0,
  2025.25,
  2025.5,
  2025.75,
  2026.0,
  2026.25,
  2026.5,
  2026.75,
  2027.0
 ],
 "slope": [
  4.826195858997698,
  4.576195859010005,
  4.326195859051503,
  4.076195859066523,
  3.8261958589948573,
  3.5761958589959977,
  3.326195859064256,
  3.0761958590567327,
  2.8261958589964014,
  2.5761958590250718,
  2.3261958590606673,
  2.0761958590110963,
  1.8261958590815865,
  1.5761958590454732,
  1.326195859050533,
  1.0761958590336023,
  0.826195859024276,
  0.5761958590167268,
  0.32619585905198833,
  0.07619585900165687,
  -0.17380414099946845,
  -0.4238041409652574,
  -0.6738041410030519,
  -0.9238041409869808,
  -1.1738041409604842,
  -1.4238041410391518,
  -1.6738041409662037,
  -1.923804141007057,
  -2.1738041410123374
 ],
 "floor_bright": [
  36.59204634121157,
  34.66346904628837,
  32.73491200202257,
  30.727467644886268,
  28.966502138922852,
  26.975959509971112,
  25.02380864676237,
  23.02926167599575,
  21.138006248210278,
  19.221510036191404,
  17.384663259993513,
  15.463679260385204,
  13.633166220378824,
  12.03549241427389,
  10.11568963319952,
  8.27924517552196,
  7.128429794689396,
  5.968799709308218,
  4.459168463691164,
  2.813936954229696,
  2.9280955802369077,
  4.45320004360879,
  6.5077435708919555,
  7.7543044308993245,
  9.411876053619185,
  11.442100187632509,
  13.14966298173938,
  14.962250874483686,
  16.492189255898015
 ],
 "t_eff": 2024.8261958590222,
 "tie_selfcal": [
  -2.5630997817614753,
  -2.309225872920706
 ],
 "floor_selfcal": 2.6315354752215945
}