{
  "epoch": 20,
  "time_sec": 0.5876853466033936,
  "train": {
    "loss_total": -2.2991679202426565,
    "loss_main": -2.3001726865768433,
    "loss_reg": 0.0010047700025924396,
    "mae_ra": 0.026907374278049578,
    "mae_dec": 0.02801837344569239,
    "mae_total": 0.04326851750639352,
    "p68_total": 0.050890060311014,
    "frac_01arcsec": 0.9258938458832827,
    "frac_02arcsec": 0.9919882890853015,
    "sigma_median": 0.04230014649643139,
    "confidence_mean": 0.026973100421442228,
    "batches": 44,
    "samples": 2793,
    "temp": 0.044185418635606766,
    "lr": 1e-06
  },
  "val": {
    "loss_total": -2.1782456040382385,
    "loss_main": -2.179305136203766,
    "loss_reg": 0.001059535687090829,
    "mae_ra": 0.03217273810878396,
    "mae_dec": 0.02904507890343666,
    "mae_total": 0.04804657492786646,
    "p68_total": 0.057715773582458496,
    "frac_01arcsec": 0.90625,
    "frac_02arcsec": 0.98828125,
    "sigma_median": 0.043976874090731144,
    "confidence_mean": 0.027346696238964796,
    "batches": 4,
    "samples": 256,
    "temp": 0.044185418635606766
  },
  "best_score_arcsec": 0.04801070038229227
}