{
  "epoch": 30,
  "time_sec": 0.9308364391326904,
  "train": {
    "loss_total": -3.000783784822984,
    "loss_main": -3.080241176215085,
    "loss_px": 0.0759102434597232,
    "loss_reg": 0.0035471617434681816,
    "mae_ra": 0.014623465418646281,
    "mae_dec": 0.015910486119206656,
    "mae_total": 0.023908383847976274,
    "p68_total": 0.02246385148133744,
    "mae_px": 0.2390862222422253,
    "frac_01arcsec": 0.9674854481762106,
    "frac_02arcsec": 0.9939630668271672,
    "sigma_median": 0.01629156794991683,
    "confidence_mean": 0.03654742173173211,
    "batches": 44,
    "samples": 2793,
    "temp": 0.045203372836112976,
    "lr": 1e-06
  },
  "val": {
    "loss_total": -2.855951488018036,
    "loss_main": -2.9548370242118835,
    "loss_px": 0.09537566173821688,
    "loss_reg": 0.0035099085653200746,
    "mae_ra": 0.017185145057737827,
    "mae_dec": 0.017522624228149652,
    "mae_total": 0.027146384585648775,
    "p68_total": 0.02505036350339651,
    "mae_px": 0.2714659720659256,
    "frac_01arcsec": 0.95703125,
    "frac_02arcsec": 0.98828125,
    "sigma_median": 0.018644455820322037,
    "confidence_mean": 0.03595286048948765,
    "batches": 4,
    "samples": 256,
    "temp": 0.045203372836112976
  },
  "best_score_arcsec": 0.02710605412721634
}