{
  "epoch": 30,
  "time_sec": 0.8150849342346191,
  "train": {
    "loss_total": -2.998254494233565,
    "loss_main": -3.0777224681594153,
    "loss_px": 0.07591997510330244,
    "loss_reg": 0.0035480189676904542,
    "mae_ra": 0.014639627781103958,
    "mae_dec": 0.01589629329233007,
    "mae_total": 0.02391570002179254,
    "p68_total": 0.02242753900248896,
    "mae_px": 0.23915939473293044,
    "frac_01arcsec": 0.9674854481762106,
    "frac_02arcsec": 0.9936079531908035,
    "sigma_median": 0.01635131248357621,
    "confidence_mean": 0.03659062231467529,
    "batches": 44,
    "samples": 2793,
    "temp": 0.04521487280726433,
    "lr": 1e-06
  },
  "val": {
    "loss_total": -2.852819085121155,
    "loss_main": -2.9518717527389526,
    "loss_px": 0.09553211461752653,
    "loss_reg": 0.003520631231367588,
    "mae_ra": 0.01718140160664916,
    "mae_dec": 0.017574570141732693,
    "mae_total": 0.02716959174722433,
    "p68_total": 0.024757023435086012,
    "mae_px": 0.2716980502009392,
    "frac_01arcsec": 0.95703125,
    "frac_02arcsec": 0.98828125,
    "sigma_median": 0.018697072751820087,
    "confidence_mean": 0.03599063865840435,
    "batches": 4,
    "samples": 256,
    "temp": 0.04521487280726433
  },
  "best_score_arcsec": 0.027126376517117023
}