{
  "epoch": 50,
  "time_sec": 1.3762195110321045,
  "train": {
    "loss_total": -3.1561587864244487,
    "loss_main": -3.2173322892524827,
    "loss_px": 0.05722709377886544,
    "loss_reg": 0.003946410659307116,
    "mae_ra": 0.012754431866686528,
    "mae_dec": 0.013952748377768087,
    "mae_total": 0.02086822270140262,
    "p68_total": 0.020307009882280524,
    "mae_px": 0.20868428387272525,
    "frac_01arcsec": 0.9761737098156567,
    "frac_02arcsec": 0.9966989436619719,
    "sigma_median": 0.014862197162714643,
    "confidence_mean": 0.03144057399370301,
    "batches": 71,
    "samples": 4495,
    "temp": 0.04300721734762192,
    "lr": 1e-06
  },
  "val": {
    "loss_total": -3.000475917543684,
    "loss_main": -3.0801903860909596,
    "loss_px": 0.07579658020819936,
    "loss_reg": 0.0039179181413991114,
    "mae_ra": 0.014303639265043395,
    "mae_dec": 0.01602767993296896,
    "mae_total": 0.023710541959319795,
    "p68_total": 0.022311107388564518,
    "mae_px": 0.2371072449854442,
    "frac_01arcsec": 0.9642857142857143,
    "frac_02arcsec": 0.9910714285714286,
    "sigma_median": 0.016203598518456732,
    "confidence_mean": 0.03142738289066723,
    "batches": 7,
    "samples": 446,
    "temp": 0.04300721734762192
  },
  "best_score_arcsec": 0.023710541959319795
}