{
  "loss_total": 3.8756749008057847,
  "loss_masked": 3.8756749008057847,
  "loss_unmasked": 0.9921901385403342,
  "psnr_masked": 13.222962392701042,
  "mask_frac": 0.031691022779947765,
  "context_count_mean": 5.229166666666667,
  "samples": 144,
  "lr_head": 1e-06,
  "epoch_time_sec": 112.27662467956543,
  "mask_counts": {
    "random": 67,
    "object": 66,
    "hard": 11
  },
  "val_loss_masked": 2.615202465094626,
  "val_psnr_masked": 12.73518317937851,
  "val_mask_frac": 0.03567489713896066,
  "val_context_count_mean": 5.875,
  "val_samples": 16
}