{
  "loss_total": 4.882580224838522,
  "loss_masked": 4.882580224838522,
  "loss_unmasked": 1.2764969271504216,
  "psnr_masked": 11.78855069478353,
  "mask_frac": 0.02710825503648569,
  "context_count_mean": 4.763888888888889,
  "samples": 144,
  "lr_head": 0.0002991810233575568,
  "epoch_time_sec": 104.3425190448761,
  "mask_counts": {
    "random": 90,
    "object": 54,
    "hard": 0
  },
  "val_loss_masked": 3.0295159332454205,
  "val_psnr_masked": 11.104162216186523,
  "val_mask_frac": 0.03567489713896066,
  "val_context_count_mean": 5.875,
  "val_samples": 16
}