{
  "loss_total": 0.3320391243323684,
  "loss_offset": 0.298363705812436,
  "loss_smooth": 0.03685515106755904,
  "mae_ra": 0.46466947354686755,
  "mae_dec": 0.3696665810421109,
  "mae_total": 0.6637670039716694,
  "frac_01arcsec": 0.02095825122705719,
  "frac_02arcsec": 0.08653024335378884,
  "loss_coarse": 0.14994951518666413,
  "coarse_mae_total": 0.4943419209577971,
  "epoch": 1,
  "lr": 0.0009755527298894294,
  "temp": 0.10079137235879898,
  "residual_gain": 1.1968882083892822,
  "time_sec": 159.96939826011658,
  "samples": 144
}