{
  "epoch": 20,
  "time_sec": 9.639791250228882,
  "train": {
    "loss_total": 1.682773461750218,
    "loss_main": -2.038325998164315,
    "loss_px": 3.7170283020907684,
    "loss_reg": 0.004071153591934392,
    "mae_ra": 0.03836007588294171,
    "mae_dec": 0.03709718609897007,
    "mae_total": 0.059245979328078166,
    "p68_total": 0.06972417528278956,
    "mae_px": 0.5924661501900841,
    "frac_01arcsec": 0.8141853088185987,
    "frac_02arcsec": 0.982824427480916,
    "sigma_median": 0.0517846504013047,
    "confidence_mean": 0.02970669484690173,
    "batches": 262,
    "samples": 16758,
    "temp": 0.036824632436037064,
    "lr": 1e-06
  },
  "val": {
    "loss_total": 1.7582707454760869,
    "loss_main": -1.997734343012174,
    "loss_px": 3.7520596434672675,
    "loss_reg": 0.003945420615006394,
    "mae_ra": 0.03907465081041058,
    "mae_dec": 0.037683007307350636,
    "mae_total": 0.06008455863532921,
    "p68_total": 0.06788283850376804,
    "mae_px": 0.6008501189450423,
    "frac_01arcsec": 0.8125,
    "frac_02arcsec": 0.986328125,
    "sigma_median": 0.049209539545699954,
    "confidence_mean": 0.02988940943032503,
    "batches": 24,
    "samples": 1536,
    "temp": 0.036824632436037064
  },
  "best_score_arcsec": 0.060059575053552784
}